date,national_holiday,counseled,day,day_num,26_31_bin,month_group_one,month_group_two,week_of_month,counseled_lag1
2024-02-01,0,0.0,3,1,0,0,1,1,0.0
2024-02-02,0,1564.0,4,2,0,0,1,1,0.0
2024-02-03,1,2383.0,5,3,0,0,1,1,1564.0
2024-02-04,1,2101.0,6,4,0,0,1,2,2383.0
2024-02-05,0,1400.0,0,5,0,0,1,2,2101.0
2024-02-06,0,1301.0,1,6,0,0,1,2,1400.0
2024-02-07,0,1586.0,2,7,0,0,1,2,1301.0
2024-02-08,0,1624.0,3,8,0,0,1,2,1586.0
2024-02-09,0,1639.0,4,9,0,0,1,2,1624.0
2024-02-10,1,2406.0,5,10,0,0,1,2,1639.0
2024-02-11,1,1927.0,6,11,0,0,1,3,2406.0
2024-02-12,1,1841.0,0,12,0,0,1,3,1927.0
2024-02-13,0,1541.0,1,13,0,0,1,3,1841.0
2024-02-14,0,1404.0,2,14,0,0,1,3,1541.0
2024-02-15,0,1466.0,3,15,0,0,1,3,1404.0
2024-02-16,0,1425.0,4,16,0,0,1,3,1466.0
2024-02-17,1,2121.0,5,17,0,0,1,3,1425.0
2024-02-18,1,1856.0,6,18,0,0,1,4,2121.0
2024-02-19,0,1690.0,0,19,0,0,1,4,1856.0
2024-02-20,0,1694.0,1,20,0,0,1,4,1690.0
2024-02-21,0,1622.0,2,21,0,0,1,4,1694.0
2024-02-22,0,1443.0,3,22,0,0,1,4,1622.0
2024-02-23,1,2252.0,4,23,0,0,1,4,1443.0
2024-02-24,1,2169.0,5,24,0,0,1,4,2252.0
2024-02-25,1,1879.0,6,25,0,0,1,5,2169.0
2024-02-26,0,1535.0,0,26,1,0,1,5,1879.0
2024-02-27,0,1654.0,1,27,1,0,1,5,1535.0
2024-02-28,0,1710.0,2,28,1,0,1,5,1654.0
2024-02-29,0,1678.0,3,29,1,0,1,5,1710.0
2024-03-01,0,1252.0,4,1,0,0,1,1,1678.0
2024-03-02,1,2157.0,5,2,0,0,1,1,1252.0
2024-03-03,1,2000.0,6,3,0,0,1,2,2157.0
2024-03-04,0,1679.0,0,4,0,0,1,2,2000.0
2024-03-05,0,1415.0,1,5,0,0,1,2,1679.0
2024-03-06,0,1319.0,2,6,0,0,1,2,1415.0
2024-03-07,0,1285.0,3,7,0,0,1,2,1319.0
2024-03-08,0,1518.0,4,8,0,0,1,2,1285.0
2024-03-09,1,2318.0,5,9,0,0,1,2,1518.0
2024-03-10,1,1844.0,6,10,0,0,1,3,2318.0
2024-03-11,0,1451.0,0,11,0,0,1,3,1844.0
2024-03-12,0,1377.0,1,12,0,0,1,3,1451.0
2024-03-13,0,1616.0,2,13,0,0,1,3,1377.0
2024-03-14,0,1304.0,3,14,0,0,1,3,1616.0
2024-03-15,0,1446.0,4,15,0,0,1,3,1304.0
2024-03-16,1,2288.0,5,16,0,0,1,3,1446.0
2024-03-17,1,2011.0,6,17,0,0,1,4,2288.0
2024-03-18,0,1547.0,0,18,0,0,1,4,2011.0
2024-03-19,0,1512.0,1,19,0,0,1,4,1547.0
2024-03-20,1,2168.0,2,20,0,0,1,4,1512.0
2024-03-21,0,1410.0,3,21,0,0,1,4,2168.0
2024-03-22,0,1377.0,4,22,0,0,1,4,1410.0
2024-03-23,1,2318.0,5,23,0,0,1,4,1377.0
2024-03-24,1,2028.0,6,24,0,0,1,5,2318.0
2024-03-25,0,1585.0,0,25,0,0,1,5,2028.0
2024-03-26,0,1538.0,1,26,1,0,1,5,1585.0
2024-03-27,0,1671.0,2,27,1,0,1,5,1538.0
2024-03-28,0,1420.0,3,28,1,0,1,5,1671.0
2024-03-29,0,1464.0,4,29,1,0,1,5,1420.0
2024-03-30,1,2288.0,5,30,1,0,1,5,1464.0
2024-03-31,1,2041.0,6,31,1,0,1,6,2288.0
2024-04-01,0,1322.0,0,1,0,0,0,1,2041.0
2024-04-02,0,1243.0,1,2,0,0,0,1,1322.0
2024-04-03,0,1276.0,2,3,0,0,0,1,1243.0
2024-04-04,0,1245.0,3,4,0,0,0,1,1276.0
2024-04-05,0,1071.0,4,5,0,0,0,1,1245.0
2024-04-06,1,1970.0,5,6,0,0,0,1,1071.0
2024-04-07,1,1553.0,6,7,0,0,0,2,1970.0
2024-04-08,0,1215.0,0,8,0,0,0,2,1553.0
2024-04-09,0,1227.0,1,9,0,0,0,2,1215.0
2024-04-10,0,1299.0,2,10,0,0,0,2,1227.0
2024-04-11,0,1217.0,3,11,0,0,0,2,1299.0
2024-04-12,0,1194.0,4,12,0,0,0,2,1217.0
2024-04-13,1,2081.0,5,13,0,0,0,2,1194.0
2024-04-14,1,1696.0,6,14,0,0,0,3,2081.0
2024-04-15,0,1410.0,0,15,0,0,0,3,1696.0
2024-04-16,0,1371.0,1,16,0,0,0,3,1410.0
2024-04-17,0,1374.0,2,17,0,0,0,3,1371.0
2024-04-18,0,1432.0,3,18,0,0,0,3,1374.0
2024-04-19,0,1436.0,4,19,0,0,0,3,1432.0
2024-04-20,1,2044.0,5,20,0,0,0,3,1436.0
2024-04-21,1,1837.0,6,21,0,0,0,4,2044.0
2024-04-22,0,1393.0,0,22,0,0,0,4,1837.0
2024-04-23,0,1575.0,1,23,0,0,0,4,1393.0
2024-04-24,0,1606.0,2,24,0,0,0,4,1575.0
2024-04-25,0,1360.0,3,25,0,0,0,4,1606.0
2024-04-26,0,1595.0,4,26,1,0,0,4,1360.0
2024-04-27,1,2710.0,5,27,1,0,0,4,1595.0
2024-04-28,1,2226.0,6,28,1,0,0,5,2710.0
2024-04-29,1,2095.0,0,29,1,0,0,5,2226.0
2024-04-30,0,1612.0,1,30,1,0,0,5,2095.0
2024-05-01,0,1639.0,2,1,0,0,0,1,1612.0
2024-05-02,0,1812.0,3,2,0,0,0,1,1639.0
2024-05-03,1,2222.0,4,3,0,0,0,1,1812.0
2024-05-04,1,1754.0,5,4,0,0,0,1,2222.0
2024-05-05,1,1393.0,6,5,0,0,0,2,1754.0
2024-05-06,1,1683.0,0,6,0,0,0,2,1393.0
2024-05-07,0,1098.0,1,7,0,0,0,2,1683.0
2024-05-08,0,1269.0,2,8,0,0,0,2,1098.0
2024-05-09,0,1234.0,3,9,0,0,0,2,1269.0
2024-05-10,0,1253.0,4,10,0,0,0,2,1234.0
2024-05-11,1,1833.0,5,11,0,0,0,2,1253.0
2024-05-12,1,1664.0,6,12,0,0,0,3,1833.0
2024-05-13,0,1195.0,0,13,0,0,0,3,1664.0
2024-05-14,0,1320.0,1,14,0,0,0,3,1195.0
2024-05-15,0,1330.0,2,15,0,0,0,3,1320.0
2024-05-16,0,1261.0,3,16,0,0,0,3,1330.0
2024-05-17,0,1422.0,4,17,0,0,0,3,1261.0
2024-05-18,1,2079.0,5,18,0,0,0,3,1422.0
2024-05-19,1,1538.0,6,19,0,0,0,4,2079.0
2024-05-20,0,1350.0,0,20,0,0,0,4,1538.0
2024-05-21,0,1426.0,1,21,0,0,0,4,1350.0
2024-05-22,0,1386.0,2,22,0,0,0,4,1426.0
2024-05-23,0,1304.0,3,23,0,0,0,4,1386.0
2024-05-24,0,1214.0,4,24,0,0,0,4,1304.0
2024-05-25,1,2071.0,5,25,0,0,0,4,1214.0
2024-05-26,1,1925.0,6,26,1,0,0,5,2071.0
2024-05-27,0,1376.0,0,27,1,0,0,5,1925.0
2024-05-28,0,1392.0,1,28,1,0,0,5,1376.0
2024-05-29,0,1693.0,2,29,1,0,0,5,1392.0
2024-05-30,0,1162.0,3,30,1,0,0,5,1693.0
2024-05-31,0,1132.0,4,31,1,0,0,5,1162.0
2024-06-01,1,2097.0,5,1,0,0,0,1,1132.0
2024-06-02,1,1787.0,6,2,0,0,0,2,2097.0
2024-06-03,0,1298.0,0,3,0,0,0,2,1787.0
2024-06-04,0,1374.0,1,4,0,0,0,2,1298.0
2024-06-05,0,1392.0,2,5,0,0,0,2,1374.0
2024-06-06,0,1201.0,3,6,0,0,0,2,1392.0
2024-06-07,0,1303.0,4,7,0,0,0,2,1201.0
2024-06-08,1,2005.0,5,8,0,0,0,2,1303.0
2024-06-09,1,1562.0,6,9,0,0,0,3,2005.0
2024-06-10,0,1443.0,0,10,0,0,0,3,1562.0
2024-06-11,0,1290.0,1,11,0,0,0,3,1443.0
2024-06-12,0,1313.0,2,12,0,0,0,3,1290.0
2024-06-13,0,1228.0,3,13,0,0,0,3,1313.0
2024-06-14,0,1393.0,4,14,0,0,0,3,1228.0
2024-06-15,1,1996.0,5,15,0,0,0,3,1393.0
2024-06-16,1,1791.0,6,16,0,0,0,4,1996.0
2024-06-17,0,1402.0,0,17,0,0,0,4,1791.0
2024-06-18,0,1272.0,1,18,0,0,0,4,1402.0
2024-06-19,0,1410.0,2,19,0,0,0,4,1272.0
2024-06-20,0,1239.0,3,20,0,0,0,4,1410.0
2024-06-21,0,1330.0,4,21,0,0,0,4,1239.0
2024-06-22,1,2166.0,5,22,0,0,0,4,1330.0
2024-06-23,1,1742.0,6,23,0,0,0,5,2166.0
2024-06-24,0,1362.0,0,24,0,0,0,5,1742.0
2024-06-25,0,1367.0,1,25,0,0,0,5,1362.0
2024-06-26,0,1297.0,2,26,1,0,0,5,1367.0
2024-06-27,0,1384.0,3,27,1,0,0,5,1297.0
2024-06-28,0,1369.0,4,28,1,0,0,5,1384.0
2024-06-29,1,2395.0,5,29,1,0,0,5,1369.0
2024-06-30,1,1913.0,6,30,1,0,0,6,2395.0
2024-07-01,0,1110.0,0,1,0,0,0,1,1913.0
2024-07-02,0,1258.0,1,2,0,0,0,1,1110.0
2024-07-03,0,1373.0,2,3,0,0,0,1,1258.0
2024-07-04,0,1343.0,3,4,0,0,0,1,1373.0
2024-07-05,0,1029.0,4,5,0,0,0,1,1343.0
2024-07-06,1,2234.0,5,6,0,0,0,1,1029.0
2024-07-07,1,1750.0,6,7,0,0,0,2,2234.0
2024-07-08,0,1318.0,0,8,0,0,0,2,1750.0
2024-07-09,0,1378.0,1,9,0,0,0,2,1318.0
2024-07-10,0,1374.0,2,10,0,0,0,2,1378.0
2024-07-11,0,1263.0,3,11,0,0,0,2,1374.0
2024-07-12,0,1232.0,4,12,0,0,0,2,1263.0
2024-07-13,1,2374.0,5,13,0,0,0,2,1232.0
2024-07-14,1,1858.0,6,14,0,0,0,3,2374.0
2024-07-15,1,1695.0,0,15,0,0,0,3,1858.0
2024-07-16,0,1259.0,1,16,0,0,0,3,1695.0
2024-07-17,0,1428.0,2,17,0,0,0,3,1259.0
2024-07-18,0,1299.0,3,18,0,0,0,3,1428.0
2024-07-19,0,1310.0,4,19,0,0,0,3,1299.0
2024-07-20,1,2281.0,5,20,0,0,0,3,1310.0
2024-07-21,1,1933.0,6,21,0,0,0,4,2281.0
2024-07-22,0,1420.0,0,22,0,0,0,4,1933.0
2024-07-23,0,1439.0,1,23,0,0,0,4,1420.0
2024-07-24,0,1531.0,2,24,0,0,0,4,1439.0
2024-07-25,0,1287.0,3,25,0,0,0,4,1531.0
2024-07-26,0,1302.0,4,26,1,0,0,4,1287.0
2024-07-27,1,2516.0,5,27,1,0,0,4,1302.0
2024-07-28,1,2138.0,6,28,1,0,0,5,2516.0
2024-07-29,0,1688.0,0,29,1,0,0,5,2138.0
2024-07-30,0,1338.0,1,30,1,0,0,5,1688.0
2024-07-31,0,1538.0,2,31,1,0,0,5,1338.0
2024-08-01,0,1232.0,3,1,0,0,0,1,1538.0
2024-08-02,0,1226.0,4,2,0,0,0,1,1232.0
2024-08-03,1,2090.0,5,3,0,0,0,1,1226.0
2024-08-04,1,1829.0,6,4,0,0,0,2,2090.0
2024-08-05,0,1319.0,0,5,0,0,0,2,1829.0
2024-08-06,0,1357.0,1,6,0,0,0,2,1319.0
2024-08-07,0,1436.0,2,7,0,0,0,2,1357.0
2024-08-08,0,1276.0,3,8,0,0,0,2,1436.0
2024-08-09,0,1491.0,4,9,0,0,0,2,1276.0
2024-08-10,1,2619.0,5,10,0,0,0,2,1491.0
2024-08-11,1,2091.0,6,11,0,0,0,3,2619.0
2024-08-12,1,1795.0,0,12,0,0,0,3,2091.0
2024-08-13,0,1429.0,1,13,0,0,0,3,1795.0
2024-08-14,0,1510.0,2,14,0,0,0,3,1429.0
2024-08-15,0,1374.0,3,15,0,0,0,3,1510.0
2024-08-16,0,1174.0,4,16,0,0,0,3,1374.0
2024-08-17,1,1711.0,5,17,0,0,0,3,1174.0
2024-08-18,1,1524.0,6,18,0,0,0,4,1711.0
2024-08-19,0,1313.0,0,19,0,0,0,4,1524.0
2024-08-20,0,1468.0,1,20,0,0,0,4,1313.0
2024-08-21,0,1288.0,2,21,0,0,0,4,1468.0
2024-08-22,0,1267.0,3,22,0,0,0,4,1288.0
2024-08-23,0,1429.0,4,23,0,0,0,4,1267.0
2024-08-24,1,2252.0,5,24,0,0,0,4,1429.0
2024-08-25,1,1759.0,6,25,0,0,0,5,2252.0
2024-08-26,0,1407.0,0,26,1,0,0,5,1759.0
2024-08-27,0,1329.0,1,27,1,0,0,5,1407.0
2024-08-28,0,1459.0,2,28,1,0,0,5,1329.0
2024-08-29,0,1197.0,3,29,1,0,0,5,1459.0
2024-08-30,0,1081.0,4,30,1,0,0,5,1197.0
2024-08-31,1,2308.0,5,31,1,0,0,5,1081.0
2024-09-01,1,1886.0,6,1,0,0,0,2,2308.0
2024-09-02,0,1237.0,0,2,0,0,0,2,1886.0
2024-09-03,0,1264.0,1,3,0,0,0,2,1237.0
2024-09-04,0,1510.0,2,4,0,0,0,2,1264.0
2024-09-05,0,1470.0,3,5,0,0,0,2,1510.0
2024-09-06,0,1192.0,4,6,0,0,0,2,1470.0
2024-09-07,1,2594.0,5,7,0,0,0,2,1192.0
2024-09-08,1,2124.0,6,8,0,0,0,3,2594.0
2024-09-09,0,1340.0,0,9,0,0,0,3,2124.0
2024-09-10,0,1561.0,1,10,0,0,0,3,1340.0
2024-09-11,0,1488.0,2,11,0,0,0,3,1561.0
2024-09-12,0,1423.0,3,12,0,0,0,3,1488.0
2024-09-13,0,1391.0,4,13,0,0,0,3,1423.0
2024-09-14,1,2618.0,5,14,0,0,0,3,1391.0
2024-09-15,1,1820.0,6,15,0,0,0,4,2618.0
2024-09-16,1,1656.0,0,16,0,0,0,4,1820.0
2024-09-17,0,1449.0,1,17,0,0,0,4,1656.0
2024-09-18,0,1305.0,2,18,0,0,0,4,1449.0
2024-09-19,0,1235.0,3,19,0,0,0,4,1305.0
2024-09-20,0,1212.0,4,20,0,0,0,4,1235.0
2024-09-21,1,2367.0,5,21,0,0,0,4,1212.0
2024-09-22,1,1848.0,6,22,0,0,0,5,2367.0
2024-09-23,1,1743.0,0,23,0,0,0,5,1848.0
2024-09-24,0,1067.0,1,24,0,0,0,5,1743.0
2024-09-25,0,1374.0,2,25,0,0,0,5,1067.0
2024-09-26,0,1424.0,3,26,1,0,0,5,1374.0
2024-09-27,0,1266.0,4,27,1,0,0,5,1424.0
2024-09-28,1,2387.0,5,28,1,0,0,5,1266.0
2024-09-29,1,2111.0,6,29,1,0,0,6,2387.0
2024-09-30,0,1361.0,0,30,1,0,0,6,2111.0
2024-10-01,0,1312.0,1,1,0,0,0,1,1361.0
2024-10-02,0,1430.0,2,2,0,0,0,1,1312.0
2024-10-03,0,1322.0,3,3,0,0,0,1,1430.0
2024-10-04,0,1141.0,4,4,0,0,0,1,1322.0
2024-10-05,1,2518.0,5,5,0,0,0,1,1141.0
2024-10-06,1,1969.0,6,6,0,0,0,2,2518.0
2024-10-07,0,1151.0,0,7,0,0,0,2,1969.0
2024-10-08,0,1395.0,1,8,0,0,0,2,1151.0
2024-10-09,0,1565.0,2,9,0,0,0,2,1395.0
2024-10-10,0,1346.0,3,10,0,0,0,2,1565.0
2024-10-11,0,1065.0,4,11,0,0,0,2,1346.0
2024-10-12,1,2533.0,5,12,0,0,0,2,1065.0
2024-10-13,1,1964.0,6,13,0,0,0,3,2533.0
2024-10-14,1,1929.0,0,14,0,0,0,3,1964.0
2024-10-15,0,1215.0,1,15,0,0,0,3,1929.0
2024-10-16,0,1348.0,2,16,0,0,0,3,1215.0
2024-10-17,0,1470.0,3,17,0,0,0,3,1348.0
2024-10-18,0,1318.0,4,18,0,0,0,3,1470.0
2024-10-19,1,2376.0,5,19,0,0,0,3,1318.0
2024-10-20,1,2077.0,6,20,0,0,0,4,2376.0
2024-10-21,0,1231.0,0,21,0,0,0,4,2077.0
2024-10-22,0,1553.0,1,22,0,0,0,4,1231.0
2024-10-23,0,1592.0,2,23,0,0,0,4,1553.0
2024-10-24,0,1384.0,3,24,0,0,0,4,1592.0
2024-10-25,0,1322.0,4,25,0,0,0,4,1384.0
2024-10-26,1,2704.0,5,26,1,0,0,4,1322.0
2024-10-27,1,2284.0,6,27,1,0,0,5,2704.0
2024-10-28,0,1371.0,0,28,1,0,0,5,2284.0
2024-10-29,0,1612.0,1,29,1,0,0,5,1371.0
2024-10-30,0,1699.0,2,30,1,0,0,5,1612.0
2024-10-31,0,1392.0,3,31,1,0,0,5,1699.0
2024-11-01,0,1072.0,4,1,0,0,0,1,1392.0
2024-11-02,1,2520.0,5,2,0,0,0,1,1072.0
2024-11-03,1,1954.0,6,3,0,0,0,2,2520.0
2024-11-04,1,1896.0,0,4,0,0,0,2,1954.0
2024-11-05,0,1112.0,1,5,0,0,0,2,1896.0
2024-11-06,0,1249.0,2,6,0,0,0,2,1112.0
2024-11-07,0,1463.0,3,7,0,0,0,2,1249.0
2024-11-08,0,1254.0,4,8,0,0,0,2,1463.0
2024-11-09,1,2337.0,5,9,0,0,0,2,1254.0
2024-11-10,1,1996.0,6,10,0,0,0,3,2337.0
2024-11-11,0,1170.0,0,11,0,0,0,3,1996.0
2024-11-12,0,1501.0,1,12,0,0,0,3,1170.0
2024-11-13,0,1633.0,2,13,0,0,0,3,1501.0
2024-11-14,0,1346.0,3,14,0,0,0,3,1633.0
2024-11-15,0,1206.0,4,15,0,0,0,3,1346.0
2024-11-16,1,2499.0,5,16,0,0,0,3,1206.0
2024-11-17,1,2054.0,6,17,0,0,0,4,2499.0
2024-11-18,0,1293.0,0,18,0,0,0,4,2054.0
2024-11-19,0,1409.0,1,19,0,0,0,4,1293.0
2024-11-20,0,1477.0,2,20,0,0,0,4,1409.0
2024-11-21,0,1233.0,3,21,0,0,0,4,1477.0
2024-11-22,0,1454.0,4,22,0,0,0,4,1233.0
2024-11-23,1,2782.0,5,23,0,0,0,4,1454.0
2024-11-24,1,2130.0,6,24,0,0,0,5,2782.0
2024-11-25,0,1521.0,0,25,0,0,0,5,2130.0
2024-11-26,0,1480.0,1,26,1,0,0,5,1521.0
2024-11-27,0,1640.0,2,27,1,0,0,5,1480.0
2024-11-28,0,1463.0,3,28,1,0,0,5,1640.0
2024-11-29,0,1444.0,4,29,1,0,0,5,1463.0
2024-11-30,1,2905.0,5,30,1,0,0,5,1444.0
2024-12-01,1,2168.0,6,1,0,1,0,2,2905.0
2024-12-02,0,1240.0,0,2,0,1,0,2,2168.0
2024-12-03,0,1311.0,1,3,0,1,0,2,1240.0
2024-12-04,0,1651.0,2,4,0,1,0,2,1311.0
2024-12-05,0,1488.0,3,5,0,1,0,2,1651.0
2024-12-06,0,1152.0,4,6,0,1,0,2,1488.0
2024-12-07,1,2643.0,5,7,0,1,0,2,1152.0
2024-12-08,1,2214.0,6,8,0,1,0,3,2643.0
2024-12-09,0,1370.0,0,9,0,1,0,3,2214.0
2024-12-10,0,1423.0,1,10,0,1,0,3,1370.0
2024-12-11,0,1540.0,2,11,0,1,0,3,1423.0
2024-12-12,0,1367.0,3,12,0,1,0,3,1540.0
2024-12-13,0,1366.0,4,13,0,1,0,3,1367.0
2024-12-14,1,2610.0,5,14,0,1,0,3,1366.0
2024-12-15,1,2263.0,6,15,0,1,0,4,2610.0
2024-12-16,0,1310.0,0,16,0,1,0,4,2263.0
2024-12-17,0,1513.0,1,17,0,1,0,4,1310.0
2024-12-18,0,1633.0,2,18,0,1,0,4,1513.0
2024-12-19,0,1410.0,3,19,0,1,0,4,1633.0
2024-12-20,0,1225.0,4,20,0,1,0,4,1410.0
2024-12-21,1,2591.0,5,21,0,1,0,4,1225.0
2024-12-22,1,2267.0,6,22,0,1,0,5,2591.0
2024-12-23,0,1386.0,0,23,0,1,0,5,2267.0
2024-12-24,0,1201.0,1,24,0,1,0,5,1386.0
2024-12-25,0,1129.0,2,25,0,1,0,5,1201.0
2024-12-26,0,1371.0,3,26,1,1,0,5,1129.0
2024-12-27,0,2249.0,4,27,1,1,0,5,1371.0
2024-12-28,1,3297.0,5,28,1,1,0,5,2249.0
2024-12-29,1,2802.0,6,29,1,1,0,6,3297.0
2024-12-30,0,2525.0,0,30,1,1,0,6,2802.0
2024-12-31,0,745.0,1,31,1,1,0,6,2525.0
2025-01-01,1,0.0,2,1,0,0,0,1,745.0
2025-01-02,0,44.0,3,2,0,0,0,1,0.0
2025-01-03,0,1301.0,4,3,0,0,0,1,44.0
2025-01-04,1,1879.0,5,4,0,0,0,1,1301.0
2025-01-05,1,1602.0,6,5,0,0,0,2,1879.0
2025-01-06,0,1191.0,0,6,0,0,0,2,1602.0
2025-01-07,0,1203.0,1,7,0,0,0,2,1191.0
2025-01-08,0,1395.0,2,8,0,0,0,2,1203.0
2025-01-09,0,1107.0,3,9,0,0,0,2,1395.0
2025-01-10,0,1053.0,4,10,0,0,0,2,1107.0
2025-01-11,1,2418.0,5,11,0,0,0,2,1053.0
2025-01-12,1,1842.0,6,12,0,0,0,3,2418.0
2025-01-13,1,1789.0,0,13,0,0,0,3,1842.0
2025-01-14,0,1071.0,1,14,0,0,0,3,1789.0
2025-01-15,0,1305.0,2,15,0,0,0,3,1071.0
2025-01-16,0,1377.0,3,16,0,0,0,3,1305.0
2025-01-17,0,1165.0,4,17,0,0,0,3,1377.0
2025-01-18,1,2400.0,5,18,0,0,0,3,1165.0
2025-01-19,1,1978.0,6,19,0,0,0,4,2400.0
2025-01-20,0,1308.0,0,20,0,0,0,4,1978.0
2025-01-21,0,1570.0,1,21,0,0,0,4,1308.0
2025-01-22,0,1471.0,2,22,0,0,0,4,1570.0
2025-01-23,0,1404.0,3,23,0,0,0,4,1471.0
2025-01-24,0,1217.0,4,24,0,0,0,4,1404.0
2025-01-25,1,2753.0,5,25,0,0,0,4,1217.0
2025-01-26,1,2313.0,6,26,1,0,0,5,2753.0
2025-01-27,0,1591.0,0,27,1,0,0,5,2313.0
2025-01-28,0,1594.0,1,28,1,0,0,5,1591.0
2025-01-29,0,1788.0,2,29,1,0,0,5,1594.0
2025-01-30,0,1824.0,3,30,1,0,0,5,1788.0
2025-01-31,0,1703.0,4,31,1,0,0,5,1824.0
2025-02-01,1,2581.0,5,1,0,0,1,1,1703.0
2025-02-02,1,1954.0,6,2,0,0,1,2,2581.0
2025-02-03,0,1300.0,0,3,0,0,1,2,1954.0
2025-02-04,0,1279.0,1,4,0,0,1,2,1300.0
2025-02-05,0,1386.0,2,5,0,0,1,2,1279.0
2025-02-06,0,1460.0,3,6,0,0,1,2,1386.0
2025-02-07,0,1273.0,4,7,0,0,1,2,1460.0
2025-02-08,1,2528.0,5,8,0,0,1,2,1273.0
2025-02-09,1,2012.0,6,9,0,0,1,3,2528.0
2025-02-10,0,1373.0,0,10,0,0,1,3,2012.0
2025-02-11,1,2268.0,1,11,0,0,1,3,1373.0
2025-02-12,0,1420.0,2,12,0,0,1,3,2268.0
2025-02-13,0,1233.0,3,13,0,0,1,3,1420.0
2025-02-14,0,1272.0,4,14,0,0,1,3,1233.0
2025-02-15,1,2411.0,5,15,0,0,1,3,1272.0
2025-02-16,1,2046.0,6,16,0,0,1,4,2411.0
2025-02-17,0,1384.0,0,17,0,0,1,4,2046.0
2025-02-18,0,1417.0,1,18,0,0,1,4,1384.0
2025-02-19,0,1822.0,2,19,0,0,1,4,1417.0
2025-02-20,0,1488.0,3,20,0,0,1,4,1822.0
2025-02-21,0,1209.0,4,21,0,0,1,4,1488.0
2025-02-22,1,2754.0,5,22,0,0,1,4,1209.0
2025-02-23,1,2208.0,6,23,0,0,1,5,2754.0
2025-02-24,1,2063.0,0,24,0,0,1,5,2208.0
2025-02-25,0,1410.0,1,25,0,0,1,5,2063.0
2025-02-26,0,1506.0,2,26,1,0,1,5,1410.0
2025-02-27,0,1681.0,3,27,1,0,1,5,1506.0
2025-02-28,0,1601.0,4,28,1,0,1,5,1681.0
2025-03-01,1,2318.0,5,1,0,0,1,1,1601.0
2025-03-02,1,2013.0,6,2,0,0,1,2,2318.0
2025-03-03,0,1265.0,0,3,0,0,1,2,2013.0
2025-03-04,0,1345.0,1,4,0,0,1,2,1265.0
2025-03-05,0,1403.0,2,5,0,0,1,2,1345.0
2025-03-06,0,1492.0,3,6,0,0,1,2,1403.0
2025-03-07,0,1246.0,4,7,0,0,1,2,1492.0
2025-03-08,1,2467.0,5,8,0,0,1,2,1246.0
2025-03-09,1,2067.0,6,9,0,0,1,3,2467.0
2025-03-10,0,1466.0,0,10,0,0,1,3,2067.0
2025-03-11,0,1438.0,1,11,0,0,1,3,1466.0
2025-03-12,0,1584.0,2,12,0,0,1,3,1438.0
2025-03-13,0,1490.0,3,13,0,0,1,3,1584.0
2025-03-14,0,1322.0,4,14,0,0,1,3,1490.0
2025-03-15,1,2671.0,5,15,0,0,1,3,1322.0
2025-03-16,1,2250.0,6,16,0,0,1,4,2671.0
2025-03-17,0,1448.0,0,17,0,0,1,4,2250.0
2025-03-18,0,1389.0,1,18,0,0,1,4,1448.0
2025-03-19,0,1447.0,2,19,0,0,1,4,1389.0
2025-03-20,1,2602.0,3,20,0,0,1,4,1447.0
2025-03-21,0,1250.0,4,21,0,0,1,4,2602.0
2025-03-22,1,2333.0,5,22,0,0,1,4,1250.0
2025-03-23,1,2023.0,6,23,0,0,1,5,2333.0
2025-03-24,0,1482.0,0,24,0,0,1,5,2023.0
2025-03-25,0,1558.0,1,25,0,0,1,5,1482.0
2025-03-26,0,1572.0,2,26,1,0,1,5,1558.0
2025-03-27,0,1451.0,3,27,1,0,1,5,1572.0
2025-03-28,0,1435.0,4,28,1,0,1,5,1451.0
2025-03-29,1,2645.0,5,29,1,0,1,5,1435.0
2025-03-30,1,2186.0,6,30,1,0,1,6,2645.0
2025-03-31,0,1209.0,0,31,1,0,1,6,2186.0
2025-04-01,0,1163.0,1,1,0,0,0,1,1209.0
2025-04-02,0,1198.0,2,2,0,0,0,1,1163.0
2025-04-03,0,1207.0,3,3,0,0,0,1,1198.0
2025-04-04,0,1116.0,4,4,0,0,0,1,1207.0
2025-04-05,1,2137.0,5,5,0,0,0,1,1116.0
2025-04-06,1,1855.0,6,6,0,0,0,2,2137.0
2025-04-07,0,1259.0,0,7,0,0,0,2,1855.0
2025-04-08,0,1254.0,1,8,0,0,0,2,1259.0
2025-04-09,0,1341.0,2,9,0,0,0,2,1254.0
2025-04-10,0,1314.0,3,10,0,0,0,2,1341.0
2025-04-11,0,1373.0,4,11,0,0,0,2,1314.0
2025-04-12,1,2571.0,5,12,0,0,0,2,1373.0
2025-04-13,1,1983.0,6,13,0,0,0,3,2571.0
2025-04-14,0,1294.0,0,14,0,0,0,3,1983.0
2025-04-15,0,0.0,1,15,0,0,0,3,1294.0
2025-04-16,0,0.0,2,16,0,0,0,3,0.0
2025-04-17,0,0.0,3,17,0,0,0,3,0.0
2025-04-18,0,0.0,4,18,0,0,0,3,0.0
2025-04-19,1,0.0,5,19,0,0,0,3,0.0
2025-04-20,1,0.0,6,20,0,0,0,4,0.0
2025-04-21,0,0.0,0,21,0,0,0,4,0.0
2025-04-22,0,0.0,1,22,0,0,0,4,0.0
2025-04-23,0,0.0,2,23,0,0,0,4,0.0
2025-04-24,0,0.0,3,24,0,0,0,4,0.0
2025-04-25,0,0.0,4,25,0,0,0,4,0.0
2025-04-26,1,0.0,5,26,1,0,0,4,0.0
2025-04-27,1,0.0,6,27,1,0,0,5,0.0
2025-04-28,0,0.0,0,28,1,0,0,5,0.0
2025-04-29,1,0.0,1,29,1,0,0,5,0.0
2025-04-30,0,0.0,2,30,1,0,0,5,0.0
2025-05-01,0,0.0,3,1,0,0,0,1,0.0
2025-05-02,0,0.0,4,2,0,0,0,1,0.0
2025-05-03,1,0.0,5,3,0,0,0,1,0.0
2025-05-04,1,0.0,6,4,0,0,0,2,0.0
2025-05-05,1,0.0,0,5,0,0,0,2,0.0
2025-05-06,1,0.0,1,6,0,0,0,2,0.0
2025-05-07,0,0.0,2,7,0,0,0,2,0.0
2025-05-08,0,0.0,3,8,0,0,0,2,0.0
2025-05-09,0,0.0,4,9,0,0,0,2,0.0
2025-05-10,1,0.0,5,10,0,0,0,2,0.0
2025-05-11,1,0.0,6,11,0,0,0,3,0.0
2025-05-12,0,0.0,0,12,0,0,0,3,0.0
2025-05-13,0,0.0,1,13,0,0,0,3,0.0
2025-05-14,0,0.0,2,14,0,0,0,3,0.0
2025-05-15,0,0.0,3,15,0,0,0,3,0.0
2025-05-16,0,0.0,4,16,0,0,0,3,0.0
2025-05-17,1,0.0,5,17,0,0,0,3,0.0
2025-05-18,1,0.0,6,18,0,0,0,4,0.0
2025-05-19,0,0.0,0,19,0,0,0,4,0.0
2025-05-20,0,0.0,1,20,0,0,0,4,0.0
2025-05-21,0,0.0,2,21,0,0,0,4,0.0
2025-05-22,0,0.0,3,22,0,0,0,4,0.0
2025-05-23,0,0.0,4,23,0,0,0,4,0.0
2025-05-24,1,0.0,5,24,0,0,0,4,0.0
2025-05-25,1,0.0,6,25,0,0,0,5,0.0
2025-05-26,0,0.0,0,26,1,0,0,5,0.0
2025-05-27,0,0.0,1,27,1,0,0,5,0.0
2025-05-28,0,0.0,2,28,1,0,0,5,0.0
2025-05-29,0,0.0,3,29,1,0,0,5,0.0
2025-05-30,0,0.0,4,30,1,0,0,5,0.0
2025-05-31,1,0.0,5,31,1,0,0,5,0.0
2025-06-01,1,0.0,6,1,0,0,0,2,0.0
2025-06-02,0,0.0,0,2,0,0,0,2,0.0
2025-06-03,0,0.0,1,3,0,0,0,2,0.0
2025-06-04,0,0.0,2,4,0,0,0,2,0.0
2025-06-05,0,0.0,3,5,0,0,0,2,0.0
2025-06-06,0,0.0,4,6,0,0,0,2,0.0
2025-06-07,1,0.0,5,7,0,0,0,2,0.0
2025-06-08,1,0.0,6,8,0,0,0,3,0.0
2025-06-09,0,0.0,0,9,0,0,0,3,0.0
2025-06-10,0,0.0,1,10,0,0,0,3,0.0
2025-06-11,0,0.0,2,11,0,0,0,3,0.0
2025-06-12,0,0.0,3,12,0,0,0,3,0.0
2025-06-13,0,0.0,4,13,0,0,0,3,0.0
2025-06-14,1,0.0,5,14,0,0,0,3,0.0
2025-06-15,1,0.0,6,15,0,0,0,4,0.0
2025-06-16,0,0.0,0,16,0,0,0,4,0.0
2025-06-17,0,0.0,1,17,0,0,0,4,0.0
2025-06-18,0,0.0,2,18,0,0,0,4,0.0
2025-06-19,0,0.0,3,19,0,0,0,4,0.0
2025-06-20,0,0.0,4,20,0,0,0,4,0.0
2025-06-21,1,0.0,5,21,0,0,0,4,0.0
2025-06-22,1,0.0,6,22,0,0,0,5,0.0
2025-06-23,0,0.0,0,23,0,0,0,5,0.0
2025-06-24,0,0.0,1,24,0,0,0,5,0.0
2025-06-25,0,0.0,2,25,0,0,0,5,0.0
2025-06-26,0,0.0,3,26,1,0,0,5,0.0
2025-06-27,0,0.0,4,27,1,0,0,5,0.0
2025-06-28,1,0.0,5,28,1,0,0,5,0.0
2025-06-29,1,0.0,6,29,1,0,0,6,0.0
2025-06-30,0,0.0,0,30,1,0,0,6,0.0
2025-07-01,0,0.0,1,1,0,0,0,1,0.0
2025-07-02,0,0.0,2,2,0,0,0,1,0.0
2025-07-03,0,0.0,3,3,0,0,0,1,0.0
2025-07-04,0,0.0,4,4,0,0,0,1,0.0
2025-07-05,1,0.0,5,5,0,0,0,1,0.0
2025-07-06,1,0.0,6,6,0,0,0,2,0.0
2025-07-07,0,0.0,0,7,0,0,0,2,0.0
2025-07-08,0,0.0,1,8,0,0,0,2,0.0
2025-07-09,0,0.0,2,9,0,0,0,2,0.0
2025-07-10,0,0.0,3,10,0,0,0,2,0.0
2025-07-11,0,0.0,4,11,0,0,0,2,0.0
2025-07-12,1,0.0,5,12,0,0,0,2,0.0
2025-07-13,1,0.0,6,13,0,0,0,3,0.0
2025-07-14,0,0.0,0,14,0,0,0,3,0.0
2025-07-15,0,0.0,1,15,0,0,0,3,0.0
2025-07-16,0,0.0,2,16,0,0,0,3,0.0
2025-07-17,0,0.0,3,17,0,0,0,3,0.0
2025-07-18,0,0.0,4,18,0,0,0,3,0.0
2025-07-19,1,0.0,5,19,0,0,0,3,0.0
2025-07-20,1,0.0,6,20,0,0,0,4,0.0
2025-07-21,1,0.0,0,21,0,0,0,4,0.0
2025-07-22,0,0.0,1,22,0,0,0,4,0.0
2025-07-23,0,0.0,2,23,0,0,0,4,0.0
2025-07-24,0,0.0,3,24,0,0,0,4,0.0
2025-07-25,0,0.0,4,25,0,0,0,4,0.0
2025-07-26,1,0.0,5,26,1,0,0,4,0.0
2025-07-27,1,0.0,6,27,1,0,0,5,0.0
2025-07-28,0,0.0,0,28,1,0,0,5,0.0
2025-07-29,0,0.0,1,29,1,0,0,5,0.0
2025-07-30,0,0.0,2,30,1,0,0,5,0.0
2025-07-31,0,0.0,3,31,1,0,0,5,0.0
2025-08-01,0,0.0,4,1,0,0,0,1,0.0
2025-08-02,1,0.0,5,2,0,0,0,1,0.0
2025-08-03,1,0.0,6,3,0,0,0,2,0.0
2025-08-04,0,0.0,0,4,0,0,0,2,0.0
2025-08-05,0,0.0,1,5,0,0,0,2,0.0
2025-08-06,0,0.0,2,6,0,0,0,2,0.0
2025-08-07,0,0.0,3,7,0,0,0,2,0.0
2025-08-08,0,0.0,4,8,0,0,0,2,0.0
2025-08-09,1,0.0,5,9,0,0,0,2,0.0
2025-08-10,1,0.0,6,10,0,0,0,3,0.0
2025-08-11,1,0.0,0,11,0,0,0,3,0.0
2025-08-12,0,0.0,1,12,0,0,0,3,0.0
2025-08-13,0,0.0,2,13,0,0,0,3,0.0
2025-08-14,0,0.0,3,14,0,0,0,3,0.0
2025-08-15,0,0.0,4,15,0,0,0,3,0.0
2025-08-16,1,0.0,5,16,0,0,0,3,0.0
2025-08-17,1,0.0,6,17,0,0,0,4,0.0
2025-08-18,0,0.0,0,18,0,0,0,4,0.0
2025-08-19,0,0.0,1,19,0,0,0,4,0.0
2025-08-20,0,0.0,2,20,0,0,0,4,0.0
2025-08-21,0,0.0,3,21,0,0,0,4,0.0
2025-08-22,0,0.0,4,22,0,0,0,4,0.0
2025-08-23,1,0.0,5,23,0,0,0,4,0.0
2025-08-24,1,0.0,6,24,0,0,0,5,0.0
2025-08-25,0,0.0,0,25,0,0,0,5,0.0
2025-08-26,0,0.0,1,26,1,0,0,5,0.0
2025-08-27,0,0.0,2,27,1,0,0,5,0.0
2025-08-28,0,0.0,3,28,1,0,0,5,0.0
2025-08-29,0,0.0,4,29,1,0,0,5,0.0
2025-08-30,1,0.0,5,30,1,0,0,5,0.0
2025-08-31,1,0.0,6,31,1,0,0,6,0.0
2025-09-01,0,0.0,0,1,0,0,0,1,0.0
2025-09-02,0,0.0,1,2,0,0,0,1,0.0
2025-09-03,0,0.0,2,3,0,0,0,1,0.0
2025-09-04,0,0.0,3,4,0,0,0,1,0.0
2025-09-05,0,0.0,4,5,0,0,0,1,0.0
2025-09-06,1,0.0,5,6,0,0,0,1,0.0
2025-09-07,1,0.0,6,7,0,0,0,2,0.0
2025-09-08,0,0.0,0,8,0,0,0,2,0.0
2025-09-09,0,0.0,1,9,0,0,0,2,0.0
2025-09-10,0,0.0,2,10,0,0,0,2,0.0
2025-09-11,0,0.0,3,11,0,0,0,2,0.0
2025-09-12,0,0.0,4,12,0,0,0,2,0.0
2025-09-13,1,0.0,5,13,0,0,0,2,0.0
2025-09-14,1,0.0,6,14,0,0,0,3,0.0
2025-09-15,1,0.0,0,15,0,0,0,3,0.0
2025-09-16,0,0.0,1,16,0,0,0,3,0.0
2025-09-17,0,0.0,2,17,0,0,0,3,0.0
2025-09-18,0,0.0,3,18,0,0,0,3,0.0
2025-09-19,0,0.0,4,19,0,0,0,3,0.0
2025-09-20,1,0.0,5,20,0,0,0,3,0.0
2025-09-21,1,0.0,6,21,0,0,0,4,0.0
2025-09-22,0,0.0,0,22,0,0,0,4,0.0
2025-09-23,1,0.0,1,23,0,0,0,4,0.0
2025-09-24,0,0.0,2,24,0,0,0,4,0.0
2025-09-25,0,0.0,3,25,0,0,0,4,0.0
2025-09-26,0,0.0,4,26,1,0,0,4,0.0
2025-09-27,1,0.0,5,27,1,0,0,4,0.0
2025-09-28,1,0.0,6,28,1,0,0,5,0.0
2025-09-29,0,0.0,0,29,1,0,0,5,0.0
2025-09-30,0,0.0,1,30,1,0,0,5,0.0
2025-10-01,0,0.0,2,1,0,0,0,1,0.0
2025-10-02,0,0.0,3,2,0,0,0,1,0.0
2025-10-03,0,0.0,4,3,0,0,0,1,0.0
2025-10-04,1,0.0,5,4,0,0,0,1,0.0
2025-10-05,1,0.0,6,5,0,0,0,2,0.0
2025-10-06,0,0.0,0,6,0,0,0,2,0.0
2025-10-07,0,0.0,1,7,0,0,0,2,0.0
2025-10-08,0,0.0,2,8,0,0,0,2,0.0
2025-10-09,0,0.0,3,9,0,0,0,2,0.0
2025-10-10,0,0.0,4,10,0,0,0,2,0.0
2025-10-11,1,0.0,5,11,0,0,0,2,0.0
2025-10-12,1,0.0,6,12,0,0,0,3,0.0
2025-10-13,1,0.0,0,13,0,0,0,3,0.0
2025-10-14,0,0.0,1,14,0,0,0,3,0.0
2025-10-15,0,0.0,2,15,0,0,0,3,0.0
2025-10-16,0,0.0,3,16,0,0,0,3,0.0
2025-10-17,0,0.0,4,17,0,0,0,3,0.0
2025-10-18,1,0.0,5,18,0,0,0,3,0.0
2025-10-19,1,0.0,6,19,0,0,0,4,0.0
2025-10-20,0,0.0,0,20,0,0,0,4,0.0
2025-10-21,0,0.0,1,21,0,0,0,4,0.0
2025-10-22,0,0.0,2,22,0,0,0,4,0.0
2025-10-23,0,0.0,3,23,0,0,0,4,0.0
2025-10-24,0,0.0,4,24,0,0,0,4,0.0
2025-10-25,1,0.0,5,25,0,0,0,4,0.0
2025-10-26,1,0.0,6,26,1,0,0,5,0.0
2025-10-27,0,0.0,0,27,1,0,0,5,0.0
2025-10-28,0,0.0,1,28,1,0,0,5,0.0
2025-10-29,0,0.0,2,29,1,0,0,5,0.0
2025-10-30,0,0.0,3,30,1,0,0,5,0.0
2025-10-31,0,0.0,4,31,1,0,0,5,0.0
2025-11-01,1,0.0,5,1,0,0,0,1,0.0
2025-11-02,1,0.0,6,2,0,0,0,2,0.0
2025-11-03,1,0.0,0,3,0,0,0,2,0.0
2025-11-04,0,0.0,1,4,0,0,0,2,0.0
2025-11-05,0,0.0,2,5,0,0,0,2,0.0
2025-11-06,0,0.0,3,6,0,0,0,2,0.0
2025-11-07,0,0.0,4,7,0,0,0,2,0.0
2025-11-08,1,0.0,5,8,0,0,0,2,0.0
2025-11-09,1,0.0,6,9,0,0,0,3,0.0
2025-11-10,0,0.0,0,10,0,0,0,3,0.0
2025-11-11,0,0.0,1,11,0,0,0,3,0.0
2025-11-12,0,0.0,2,12,0,0,0,3,0.0
2025-11-13,0,0.0,3,13,0,0,0,3,0.0
2025-11-14,0,0.0,4,14,0,0,0,3,0.0
2025-11-15,1,0.0,5,15,0,0,0,3,0.0
2025-11-16,1,0.0,6,16,0,0,0,4,0.0
2025-11-17,0,0.0,0,17,0,0,0,4,0.0
2025-11-18,0,0.0,1,18,0,0,0,4,0.0
2025-11-19,0,0.0,2,19,0,0,0,4,0.0
2025-11-20,0,0.0,3,20,0,0,0,4,0.0
2025-11-21,0,0.0,4,21,0,0,0,4,0.0
2025-11-22,1,0.0,5,22,0,0,0,4,0.0
2025-11-23,1,0.0,6,23,0,0,0,5,0.0
2025-11-24,1,0.0,0,24,0,0,0,5,0.0
2025-11-25,0,0.0,1,25,0,0,0,5,0.0
2025-11-26,0,0.0,2,26,1,0,0,5,0.0
2025-11-27,0,0.0,3,27,1,0,0,5,0.0
2025-11-28,0,0.0,4,28,1,0,0,5,0.0
2025-11-29,1,0.0,5,29,1,0,0,5,0.0
2025-11-30,1,0.0,6,30,1,0,0,6,0.0
2025-12-01,0,0.0,0,1,0,1,0,1,0.0
2025-12-02,0,0.0,1,2,0,1,0,1,0.0
2025-12-03,0,0.0,2,3,0,1,0,1,0.0
2025-12-04,0,0.0,3,4,0,1,0,1,0.0
2025-12-05,0,0.0,4,5,0,1,0,1,0.0
2025-12-06,1,0.0,5,6,0,1,0,1,0.0
2025-12-07,1,0.0,6,7,0,1,0,2,0.0
2025-12-08,0,0.0,0,8,0,1,0,2,0.0
2025-12-09,0,0.0,1,9,0,1,0,2,0.0
2025-12-10,0,0.0,2,10,0,1,0,2,0.0
2025-12-11,0,0.0,3,11,0,1,0,2,0.0
2025-12-12,0,0.0,4,12,0,1,0,2,0.0
2025-12-13,1,0.0,5,13,0,1,0,2,0.0
2025-12-14,1,0.0,6,14,0,1,0,3,0.0
2025-12-15,0,0.0,0,15,0,1,0,3,0.0
2025-12-16,0,0.0,1,16,0,1,0,3,0.0
2025-12-17,0,0.0,2,17,0,1,0,3,0.0
2025-12-18,0,0.0,3,18,0,1,0,3,0.0
2025-12-19,0,0.0,4,19,0,1,0,3,0.0
2025-12-20,1,0.0,5,20,0,1,0,3,0.0
2025-12-21,1,0.0,6,21,0,1,0,4,0.0
2025-12-22,0,0.0,0,22,0,1,0,4,0.0
2025-12-23,0,0.0,1,23,0,1,0,4,0.0
2025-12-24,0,0.0,2,24,0,1,0,4,0.0
2025-12-25,0,0.0,3,25,0,1,0,4,0.0
2025-12-26,0,0.0,4,26,1,1,0,4,0.0
2025-12-27,1,0.0,5,27,1,1,0,4,0.0
2025-12-28,1,0.0,6,28,1,1,0,5,0.0
2025-12-29,0,0.0,0,29,1,1,0,5,0.0
2025-12-30,0,0.0,1,30,1,1,0,5,0.0
2025-12-31,0,0.0,2,31,1,1,0,5,0.0
2026-01-01,1,0.0,3,1,0,0,0,1,0.0
2026-01-02,0,0.0,4,2,0,0,0,1,0.0
2026-01-03,1,0.0,5,3,0,0,0,1,0.0
2026-01-04,1,0.0,6,4,0,0,0,2,0.0
2026-01-05,0,0.0,0,5,0,0,0,2,0.0
2026-01-06,0,0.0,1,6,0,0,0,2,0.0
2026-01-07,0,0.0,2,7,0,0,0,2,0.0
2026-01-08,0,0.0,3,8,0,0,0,2,0.0
2026-01-09,0,0.0,4,9,0,0,0,2,0.0
2026-01-10,1,0.0,5,10,0,0,0,2,0.0
2026-01-11,1,0.0,6,11,0,0,0,3,0.0
2026-01-12,1,0.0,0,12,0,0,0,3,0.0
2026-01-13,0,0.0,1,13,0,0,0,3,0.0
2026-01-14,0,0.0,2,14,0,0,0,3,0.0
2026-01-15,0,0.0,3,15,0,0,0,3,0.0
2026-01-16,0,0.0,4,16,0,0,0,3,0.0
2026-01-17,1,0.0,5,17,0,0,0,3,0.0
2026-01-18,1,0.0,6,18,0,0,0,4,0.0
2026-01-19,0,0.0,0,19,0,0,0,4,0.0
2026-01-20,0,0.0,1,20,0,0,0,4,0.0
2026-01-21,0,0.0,2,21,0,0,0,4,0.0
2026-01-22,0,0.0,3,22,0,0,0,4,0.0
2026-01-23,0,0.0,4,23,0,0,0,4,0.0
2026-01-24,1,0.0,5,24,0,0,0,4,0.0
2026-01-25,1,0.0,6,25,0,0,0,5,0.0
2026-01-26,0,0.0,0,26,1,0,0,5,0.0
2026-01-27,0,0.0,1,27,1,0,0,5,0.0
2026-01-28,0,0.0,2,28,1,0,0,5,0.0
2026-01-29,0,0.0,3,29,1,0,0,5,0.0
2026-01-30,0,0.0,4,30,1,0,0,5,0.0
2026-01-31,1,0.0,5,31,1,0,0,5,0.0
2026-02-01,1,0.0,6,1,0,0,1,2,0.0
2026-02-02,0,0.0,0,2,0,0,1,2,0.0
2026-02-03,0,0.0,1,3,0,0,1,2,0.0
2026-02-04,0,0.0,2,4,0,0,1,2,0.0
2026-02-05,0,0.0,3,5,0,0,1,2,0.0
2026-02-06,0,0.0,4,6,0,0,1,2,0.0
2026-02-07,1,0.0,5,7,0,0,1,2,0.0
2026-02-08,1,0.0,6,8,0,0,1,3,0.0
2026-02-09,0,0.0,0,9,0,0,1,3,0.0
2026-02-10,0,0.0,1,10,0,0,1,3,0.0
2026-02-11,1,0.0,2,11,0,0,1,3,0.0
2026-02-12,0,0.0,3,12,0,0,1,3,0.0
2026-02-13,0,0.0,4,13,0,0,1,3,0.0
2026-02-14,1,0.0,5,14,0,0,1,3,0.0
2026-02-15,1,0.0,6,15,0,0,1,4,0.0
2026-02-16,0,0.0,0,16,0,0,1,4,0.0
2026-02-17,0,0.0,1,17,0,0,1,4,0.0
2026-02-18,0,0.0,2,18,0,0,1,4,0.0
2026-02-19,0,0.0,3,19,0,0,1,4,0.0
2026-02-20,0,0.0,4,20,0,0,1,4,0.0
2026-02-21,1,0.0,5,21,0,0,1,4,0.0
2026-02-22,1,0.0,6,22,0,0,1,5,0.0
2026-02-23,1,0.0,0,23,0,0,1,5,0.0
2026-02-24,0,0.0,1,24,0,0,1,5,0.0
2026-02-25,0,0.0,2,25,0,0,1,5,0.0
2026-02-26,0,0.0,3,26,1,0,1,5,0.0
2026-02-27,0,0.0,4,27,1,0,1,5,0.0
2026-02-28,1,0.0,5,28,1,0,1,5,0.0
2026-03-01,1,0.0,6,1,0,0,1,2,0.0
2026-03-02,0,0.0,0,2,0,0,1,2,0.0
2026-03-03,0,0.0,1,3,0,0,1,2,0.0
2026-03-04,0,0.0,2,4,0,0,1,2,0.0
2026-03-05,0,0.0,3,5,0,0,1,2,0.0
2026-03-06,0,0.0,4,6,0,0,1,2,0.0
2026-03-07,1,0.0,5,7,0,0,1,2,0.0
2026-03-08,1,0.0,6,8,0,0,1,3,0.0
2026-03-09,0,0.0,0,9,0,0,1,3,0.0
2026-03-10,0,0.0,1,10,0,0,1,3,0.0
2026-03-11,0,0.0,2,11,0,0,1,3,0.0
2026-03-12,0,0.0,3,12,0,0,1,3,0.0
2026-03-13,0,0.0,4,13,0,0,1,3,0.0
2026-03-14,1,0.0,5,14,0,0,1,3,0.0
2026-03-15,1,0.0,6,15,0,0,1,4,0.0
2026-03-16,0,0.0,0,16,0,0,1,4,0.0
2026-03-17,0,0.0,1,17,0,0,1,4,0.0
2026-03-18,0,0.0,2,18,0,0,1,4,0.0
2026-03-19,0,0.0,3,19,0,0,1,4,0.0
2026-03-20,1,0.0,4,20,0,0,1,4,0.0
2026-03-21,1,0.0,5,21,0,0,1,4,0.0
2026-03-22,1,0.0,6,22,0,0,1,5,0.0
2026-03-23,0,0.0,0,23,0,0,1,5,0.0
2026-03-24,0,0.0,1,24,0,0,1,5,0.0
2026-03-25,0,0.0,2,25,0,0,1,5,0.0
2026-03-26,0,0.0,3,26,1,0,1,5,0.0
2026-03-27,0,0.0,4,27,1,0,1,5,0.0
2026-03-28,1,0.0,5,28,1,0,1,5,0.0
2026-03-29,1,0.0,6,29,1,0,1,6,0.0
2026-03-30,0,0.0,0,30,1,0,1,6,0.0
2026-03-31,0,0.0,1,31,1,0,1,6,0.0
2026-04-01,0,0.0,2,1,0,0,0,1,0.0
2026-04-02,0,0.0,3,2,0,0,0,1,0.0
2026-04-03,0,0.0,4,3,0,0,0,1,0.0
2026-04-04,1,0.0,5,4,0,0,0,1,0.0
2026-04-05,1,0.0,6,5,0,0,0,2,0.0
2026-04-06,0,0.0,0,6,0,0,0,2,0.0
2026-04-07,0,0.0,1,7,0,0,0,2,0.0
2026-04-08,0,0.0,2,8,0,0,0,2,0.0
2026-04-09,0,0.0,3,9,0,0,0,2,0.0
2026-04-10,0,0.0,4,10,0,0,0,2,0.0
2026-04-11,1,0.0,5,11,0,0,0,2,0.0
2026-04-12,1,0.0,6,12,0,0,0,3,0.0
2026-04-13,0,0.0,0,13,0,0,0,3,0.0
2026-04-14,0,0.0,1,14,0,0,0,3,0.0
2026-04-15,0,0.0,2,15,0,0,0,3,0.0
2026-04-16,0,0.0,3,16,0,0,0,3,0.0
2026-04-17,0,0.0,4,17,0,0,0,3,0.0
2026-04-18,1,0.0,5,18,0,0,0,3,0.0
2026-04-19,1,0.0,6,19,0,0,0,4,0.0
2026-04-20,0,0.0,0,20,0,0,0,4,0.0
2026-04-21,0,0.0,1,21,0,0,0,4,0.0
2026-04-22,0,0.0,2,22,0,0,0,4,0.0
2026-04-23,0,0.0,3,23,0,0,0,4,0.0
2026-04-24,0,0.0,4,24,0,0,0,4,0.0
2026-04-25,1,0.0,5,25,0,0,0,4,0.0
2026-04-26,1,0.0,6,26,1,0,0,5,0.0
2026-04-27,0,0.0,0,27,1,0,0,5,0.0
2026-04-28,0,0.0,1,28,1,0,0,5,0.0
2026-04-29,1,0.0,2,29,1,0,0,5,0.0
2026-04-30,0,0.0,3,30,1,0,0,5,0.0
2026-05-01,0,0.0,4,1,0,0,0,1,0.0
2026-05-02,1,0.0,5,2,0,0,0,1,0.0
2026-05-03,1,0.0,6,3,0,0,0,2,0.0
2026-05-04,1,0.0,0,4,0,0,0,2,0.0
2026-05-05,1,0.0,1,5,0,0,0,2,0.0
2026-05-06,1,0.0,2,6,0,0,0,2,0.0
2026-05-07,0,0.0,3,7,0,0,0,2,0.0
2026-05-08,0,0.0,4,8,0,0,0,2,0.0
2026-05-09,1,0.0,5,9,0,0,0,2,0.0
2026-05-10,1,0.0,6,10,0,0,0,3,0.0
2026-05-11,0,0.0,0,11,0,0,0,3,0.0
2026-05-12,0,0.0,1,12,0,0,0,3,0.0
2026-05-13,0,0.0,2,13,0,0,0,3,0.0
2026-05-14,0,0.0,3,14,0,0,0,3,0.0
2026-05-15,0,0.0,4,15,0,0,0,3,0.0
2026-05-16,1,0.0,5,16,0,0,0,3,0.0
2026-05-17,1,0.0,6,17,0,0,0,4,0.0
2026-05-18,0,0.0,0,18,0,0,0,4,0.0
2026-05-19,0,0.0,1,19,0,0,0,4,0.0
2026-05-20,0,0.0,2,20,0,0,0,4,0.0
2026-05-21,0,0.0,3,21,0,0,0,4,0.0
2026-05-22,0,0.0,4,22,0,0,0,4,0.0
2026-05-23,1,0.0,5,23,0,0,0,4,0.0
2026-05-24,1,0.0,6,24,0,0,0,5,0.0
2026-05-25,0,0.0,0,25,0,0,0,5,0.0
2026-05-26,0,0.0,1,26,1,0,0,5,0.0
2026-05-27,0,0.0,2,27,1,0,0,5,0.0
2026-05-28,0,0.0,3,28,1,0,0,5,0.0
2026-05-29,0,0.0,4,29,1,0,0,5,0.0
2026-05-30,1,0.0,5,30,1,0,0,5,0.0
2026-05-31,1,0.0,6,31,1,0,0,6,0.0
2026-06-01,0,0.0,0,1,0,0,0,1,0.0
2026-06-02,0,0.0,1,2,0,0,0,1,0.0
2026-06-03,0,0.0,2,3,0,0,0,1,0.0
2026-06-04,0,0.0,3,4,0,0,0,1,0.0
2026-06-05,0,0.0,4,5,0,0,0,1,0.0
2026-06-06,1,0.0,5,6,0,0,0,1,0.0
2026-06-07,1,0.0,6,7,0,0,0,2,0.0
2026-06-08,0,0.0,0,8,0,0,0,2,0.0
2026-06-09,0,0.0,1,9,0,0,0,2,0.0
2026-06-10,0,0.0,2,10,0,0,0,2,0.0
2026-06-11,0,0.0,3,11,0,0,0,2,0.0
2026-06-12,0,0.0,4,12,0,0,0,2,0.0
2026-06-13,1,0.0,5,13,0,0,0,2,0.0
2026-06-14,1,0.0,6,14,0,0,0,3,0.0
2026-06-15,0,0.0,0,15,0,0,0,3,0.0
2026-06-16,0,0.0,1,16,0,0,0,3,0.0
2026-06-17,0,0.0,2,17,0,0,0,3,0.0
2026-06-18,0,0.0,3,18,0,0,0,3,0.0
2026-06-19,0,0.0,4,19,0,0,0,3,0.0
2026-06-20,1,0.0,5,20,0,0,0,3,0.0
2026-06-21,1,0.0,6,21,0,0,0,4,0.0
2026-06-22,0,0.0,0,22,0,0,0,4,0.0
2026-06-23,0,0.0,1,23,0,0,0,4,0.0
2026-06-24,0,0.0,2,24,0,0,0,4,0.0
2026-06-25,0,0.0,3,25,0,0,0,4,0.0
2026-06-26,0,0.0,4,26,1,0,0,4,0.0
2026-06-27,1,0.0,5,27,1,0,0,4,0.0
2026-06-28,1,0.0,6,28,1,0,0,5,0.0
2026-06-29,0,0.0,0,29,1,0,0,5,0.0
2026-06-30,0,0.0,1,30,1,0,0,5,0.0
2026-07-01,0,0.0,2,1,0,0,0,1,0.0
2026-07-02,0,0.0,3,2,0,0,0,1,0.0
2026-07-03,0,0.0,4,3,0,0,0,1,0.0
2026-07-04,1,0.0,5,4,0,0,0,1,0.0
2026-07-05,1,0.0,6,5,0,0,0,2,0.0
2026-07-06,0,0.0,0,6,0,0,0,2,0.0
2026-07-07,0,0.0,1,7,0,0,0,2,0.0
2026-07-08,0,0.0,2,8,0,0,0,2,0.0
2026-07-09,0,0.0,3,9,0,0,0,2,0.0
2026-07-10,0,0.0,4,10,0,0,0,2,0.0
2026-07-11,1,0.0,5,11,0,0,0,2,0.0
2026-07-12,1,0.0,6,12,0,0,0,3,0.0
2026-07-13,0,0.0,0,13,0,0,0,3,0.0
2026-07-14,0,0.0,1,14,0,0,0,3,0.0
2026-07-15,0,0.0,2,15,0,0,0,3,0.0
2026-07-16,0,0.0,3,16,0,0,0,3,0.0
2026-07-17,0,0.0,4,17,0,0,0,3,0.0
2026-07-18,1,0.0,5,18,0,0,0,3,0.0
2026-07-19,1,0.0,6,19,0,0,0,4,0.0
2026-07-20,1,0.0,0,20,0,0,0,4,0.0
2026-07-21,0,0.0,1,21,0,0,0,4,0.0
2026-07-22,0,0.0,2,22,0,0,0,4,0.0
2026-07-23,0,0.0,3,23,0,0,0,4,0.0
2026-07-24,0,0.0,4,24,0,0,0,4,0.0
2026-07-25,1,0.0,5,25,0,0,0,4,0.0
2026-07-26,1,0.0,6,26,1,0,0,5,0.0
2026-07-27,0,0.0,0,27,1,0,0,5,0.0
2026-07-28,0,0.0,1,28,1,0,0,5,0.0
2026-07-29,0,0.0,2,29,1,0,0,5,0.0
2026-07-30,0,0.0,3,30,1,0,0,5,0.0
2026-07-31,0,0.0,4,31,1,0,0,5,0.0
2026-08-01,1,0.0,5,1,0,0,0,1,0.0
2026-08-02,1,0.0,6,2,0,0,0,2,0.0
2026-08-03,0,0.0,0,3,0,0,0,2,0.0
2026-08-04,0,0.0,1,4,0,0,0,2,0.0
2026-08-05,0,0.0,2,5,0,0,0,2,0.0
2026-08-06,0,0.0,3,6,0,0,0,2,0.0
2026-08-07,0,0.0,4,7,0,0,0,2,0.0
2026-08-08,1,0.0,5,8,0,0,0,2,0.0
2026-08-09,1,0.0,6,9,0,0,0,3,0.0
2026-08-10,0,0.0,0,10,0,0,0,3,0.0
2026-08-11,1,0.0,1,11,0,0,0,3,0.0
2026-08-12,0,0.0,2,12,0,0,0,3,0.0
2026-08-13,0,0.0,3,13,0,0,0,3,0.0
2026-08-14,0,0.0,4,14,0,0,0,3,0.0
2026-08-15,1,0.0,5,15,0,0,0,3,0.0
2026-08-16,1,0.0,6,16,0,0,0,4,0.0
2026-08-17,0,0.0,0,17,0,0,0,4,0.0
2026-08-18,0,0.0,1,18,0,0,0,4,0.0
2026-08-19,0,0.0,2,19,0,0,0,4,0.0
2026-08-20,0,0.0,3,20,0,0,0,4,0.0
2026-08-21,0,0.0,4,21,0,0,0,4,0.0
2026-08-22,1,0.0,5,22,0,0,0,4,0.0
2026-08-23,1,0.0,6,23,0,0,0,5,0.0
2026-08-24,0,0.0,0,24,0,0,0,5,0.0
2026-08-25,0,0.0,1,25,0,0,0,5,0.0
2026-08-26,0,0.0,2,26,1,0,0,5,0.0
2026-08-27,0,0.0,3,27,1,0,0,5,0.0
2026-08-28,0,0.0,4,28,1,0,0,5,0.0
2026-08-29,1,0.0,5,29,1,0,0,5,0.0
2026-08-30,1,0.0,6,30,1,0,0,6,0.0
2026-08-31,0,0.0,0,31,1,0,0,6,0.0
2026-09-01,0,0.0,1,1,0,0,0,1,0.0
2026-09-02,0,0.0,2,2,0,0,0,1,0.0
2026-09-03,0,0.0,3,3,0,0,0,1,0.0
2026-09-04,0,0.0,4,4,0,0,0,1,0.0
2026-09-05,1,0.0,5,5,0,0,0,1,0.0
2026-09-06,1,0.0,6,6,0,0,0,2,0.0
2026-09-07,0,0.0,0,7,0,0,0,2,0.0
2026-09-08,0,0.0,1,8,0,0,0,2,0.0
2026-09-09,0,0.0,2,9,0,0,0,2,0.0
2026-09-10,0,0.0,3,10,0,0,0,2,0.0
2026-09-11,0,0.0,4,11,0,0,0,2,0.0
2026-09-12,1,0.0,5,12,0,0,0,2,0.0
2026-09-13,1,0.0,6,13,0,0,0,3,0.0
2026-09-14,0,0.0,0,14,0,0,0,3,0.0
2026-09-15,0,0.0,1,15,0,0,0,3,0.0
2026-09-16,0,0.0,2,16,0,0,0,3,0.0
2026-09-17,0,0.0,3,17,0,0,0,3,0.0
2026-09-18,0,0.0,4,18,0,0,0,3,0.0
2026-09-19,1,0.0,5,19,0,0,0,3,0.0
2026-09-20,1,0.0,6,20,0,0,0,4,0.0
2026-09-21,1,0.0,0,21,0,0,0,4,0.0
2026-09-22,1,0.0,1,22,0,0,0,4,0.0
2026-09-23,1,0.0,2,23,0,0,0,4,0.0
2026-09-24,0,0.0,3,24,0,0,0,4,0.0
2026-09-25,0,0.0,4,25,0,0,0,4,0.0
2026-09-26,1,0.0,5,26,1,0,0,4,0.0
2026-09-27,1,0.0,6,27,1,0,0,5,0.0
2026-09-28,0,0.0,0,28,1,0,0,5,0.0
2026-09-29,0,0.0,1,29,1,0,0,5,0.0
2026-09-30,0,0.0,2,30,1,0,0,5,0.0
2026-10-01,0,0.0,3,1,0,0,0,1,0.0
2026-10-02,0,0.0,4,2,0,0,0,1,0.0
2026-10-03,1,0.0,5,3,0,0,0,1,0.0
2026-10-04,1,0.0,6,4,0,0,0,2,0.0
2026-10-05,0,0.0,0,5,0,0,0,2,0.0
2026-10-06,0,0.0,1,6,0,0,0,2,0.0
2026-10-07,0,0.0,2,7,0,0,0,2,0.0
2026-10-08,0,0.0,3,8,0,0,0,2,0.0
2026-10-09,0,0.0,4,9,0,0,0,2,0.0
2026-10-10,1,0.0,5,10,0,0,0,2,0.0
2026-10-11,1,0.0,6,11,0,0,0,3,0.0
2026-10-12,1,0.0,0,12,0,0,0,3,0.0
2026-10-13,0,0.0,1,13,0,0,0,3,0.0
2026-10-14,0,0.0,2,14,0,0,0,3,0.0
2026-10-15,0,0.0,3,15,0,0,0,3,0.0
2026-10-16,0,0.0,4,16,0,0,0,3,0.0
2026-10-17,1,0.0,5,17,0,0,0,3,0.0
2026-10-18,1,0.0,6,18,0,0,0,4,0.0
2026-10-19,0,0.0,0,19,0,0,0,4,0.0
2026-10-20,0,0.0,1,20,0,0,0,4,0.0
2026-10-21,0,0.0,2,21,0,0,0,4,0.0
2026-10-22,0,0.0,3,22,0,0,0,4,0.0
2026-10-23,0,0.0,4,23,0,0,0,4,0.0
2026-10-24,1,0.0,5,24,0,0,0,4,0.0
2026-10-25,1,0.0,6,25,0,0,0,5,0.0
2026-10-26,0,0.0,0,26,1,0,0,5,0.0
2026-10-27,0,0.0,1,27,1,0,0,5,0.0
2026-10-28,0,0.0,2,28,1,0,0,5,0.0
2026-10-29,0,0.0,3,29,1,0,0,5,0.0
2026-10-30,0,0.0,4,30,1,0,0,5,0.0
2026-10-31,1,0.0,5,31,1,0,0,5,0.0
2026-11-01,1,0.0,6,1,0,0,0,2,0.0
2026-11-02,0,0.0,0,2,0,0,0,2,0.0
2026-11-03,1,0.0,1,3,0,0,0,2,0.0
2026-11-04,0,0.0,2,4,0,0,0,2,0.0
2026-11-05,0,0.0,3,5,0,0,0,2,0.0
2026-11-06,0,0.0,4,6,0,0,0,2,0.0
2026-11-07,1,0.0,5,7,0,0,0,2,0.0
2026-11-08,1,0.0,6,8,0,0,0,3,0.0
2026-11-09,0,0.0,0,9,0,0,0,3,0.0
2026-11-10,0,0.0,1,10,0,0,0,3,0.0
2026-11-11,0,0.0,2,11,0,0,0,3,0.0
2026-11-12,0,0.0,3,12,0,0,0,3,0.0
2026-11-13,0,0.0,4,13,0,0,0,3,0.0
2026-11-14,1,0.0,5,14,0,0,0,3,0.0
2026-11-15,1,0.0,6,15,0,0,0,4,0.0
2026-11-16,0,0.0,0,16,0,0,0,4,0.0
2026-11-17,0,0.0,1,17,0,0,0,4,0.0
2026-11-18,0,0.0,2,18,0,0,0,4,0.0
2026-11-19,0,0.0,3,19,0,0,0,4,0.0
2026-11-20,0,0.0,4,20,0,0,0,4,0.0
2026-11-21,1,0.0,5,21,0,0,0,4,0.0
2026-11-22,1,0.0,6,22,0,0,0,5,0.0
2026-11-23,1,0.0,0,23,0,0,0,5,0.0
2026-11-24,0,0.0,1,24,0,0,0,5,0.0
2026-11-25,0,0.0,2,25,0,0,0,5,0.0
2026-11-26,0,0.0,3,26,1,0,0,5,0.0
2026-11-27,0,0.0,4,27,1,0,0,5,0.0
2026-11-28,1,0.0,5,28,1,0,0,5,0.0
2026-11-29,1,0.0,6,29,1,0,0,6,0.0
2026-11-30,0,0.0,0,30,1,0,0,6,0.0
2026-12-01,0,0.0,1,1,0,1,0,1,0.0
2026-12-02,0,0.0,2,2,0,1,0,1,0.0
2026-12-03,0,0.0,3,3,0,1,0,1,0.0
2026-12-04,0,0.0,4,4,0,1,0,1,0.0
2026-12-05,1,0.0,5,5,0,1,0,1,0.0
2026-12-06,1,0.0,6,6,0,1,0,2,0.0
2026-12-07,0,0.0,0,7,0,1,0,2,0.0
2026-12-08,0,0.0,1,8,0,1,0,2,0.0
2026-12-09,0,0.0,2,9,0,1,0,2,0.0
2026-12-10,0,0.0,3,10,0,1,0,2,0.0
2026-12-11,0,0.0,4,11,0,1,0,2,0.0
2026-12-12,1,0.0,5,12,0,1,0,2,0.0
2026-12-13,1,0.0,6,13,0,1,0,3,0.0
2026-12-14,0,0.0,0,14,0,1,0,3,0.0
2026-12-15,0,0.0,1,15,0,1,0,3,0.0
2026-12-16,0,0.0,2,16,0,1,0,3,0.0
2026-12-17,0,0.0,3,17,0,1,0,3,0.0
2026-12-18,0,0.0,4,18,0,1,0,3,0.0
2026-12-19,1,0.0,5,19,0,1,0,3,0.0
2026-12-20,1,0.0,6,20,0,1,0,4,0.0
2026-12-21,0,0.0,0,21,0,1,0,4,0.0
2026-12-22,0,0.0,1,22,0,1,0,4,0.0
2026-12-23,0,0.0,2,23,0,1,0,4,0.0
2026-12-24,0,0.0,3,24,0,1,0,4,0.0
2026-12-25,0,0.0,4,25,0,1,0,4,0.0
2026-12-26,1,0.0,5,26,1,1,0,4,0.0
2026-12-27,1,0.0,6,27,1,1,0,5,0.0
2026-12-28,0,0.0,0,28,1,1,0,5,0.0
2026-12-29,0,0.0,1,29,1,1,0,5,0.0
2026-12-30,0,0.0,2,30,1,1,0,5,0.0
2026-12-31,0,0.0,3,31,1,1,0,5,0.0
2027-01-01,0,0.0,4,1,0,0,0,1,0.0
2027-01-02,1,0.0,5,2,0,0,0,1,0.0
2027-01-03,1,0.0,6,3,0,0,0,2,0.0
2027-01-04,0,0.0,0,4,0,0,0,2,0.0
2027-01-05,0,0.0,1,5,0,0,0,2,0.0
2027-01-06,0,0.0,2,6,0,0,0,2,0.0
2027-01-07,0,0.0,3,7,0,0,0,2,0.0
2027-01-08,0,0.0,4,8,0,0,0,2,0.0
2027-01-09,1,0.0,5,9,0,0,0,2,0.0
2027-01-10,1,0.0,6,10,0,0,0,3,0.0
2027-01-11,0,0.0,0,11,0,0,0,3,0.0
2027-01-12,0,0.0,1,12,0,0,0,3,0.0
2027-01-13,0,0.0,2,13,0,0,0,3,0.0
2027-01-14,0,0.0,3,14,0,0,0,3,0.0
2027-01-15,0,0.0,4,15,0,0,0,3,0.0
2027-01-16,1,0.0,5,16,0,0,0,3,0.0
2027-01-17,1,0.0,6,17,0,0,0,4,0.0
2027-01-18,0,0.0,0,18,0,0,0,4,0.0
2027-01-19,0,0.0,1,19,0,0,0,4,0.0
2027-01-20,0,0.0,2,20,0,0,0,4,0.0
2027-01-21,0,0.0,3,21,0,0,0,4,0.0
2027-01-22,0,0.0,4,22,0,0,0,4,0.0
2027-01-23,1,0.0,5,23,0,0,0,4,0.0
2027-01-24,1,0.0,6,24,0,0,0,5,0.0
2027-01-25,0,0.0,0,25,0,0,0,5,0.0
2027-01-26,0,0.0,1,26,1,0,0,5,0.0
2027-01-27,0,0.0,2,27,1,0,0,5,0.0
2027-01-28,0,0.0,3,28,1,0,0,5,0.0
2027-01-29,0,0.0,4,29,1,0,0,5,0.0
2027-01-30,1,0.0,5,30,1,0,0,5,0.0
2027-01-31,1,0.0,6,31,1,0,0,6,0.0
2027-02-01,0,0.0,0,1,0,0,1,1,0.0
2027-02-02,0,0.0,1,2,0,0,1,1,0.0
2027-02-03,0,0.0,2,3,0,0,1,1,0.0
2027-02-04,0,0.0,3,4,0,0,1,1,0.0
2027-02-05,0,0.0,4,5,0,0,1,1,0.0
2027-02-06,1,0.0,5,6,0,0,1,1,0.0
2027-02-07,1,0.0,6,7,0,0,1,2,0.0
2027-02-08,0,0.0,0,8,0,0,1,2,0.0
2027-02-09,0,0.0,1,9,0,0,1,2,0.0
2027-02-10,0,0.0,2,10,0,0,1,2,0.0
2027-02-11,0,0.0,3,11,0,0,1,2,0.0
2027-02-12,0,0.0,4,12,0,0,1,2,0.0
2027-02-13,1,0.0,5,13,0,0,1,2,0.0
2027-02-14,1,0.0,6,14,0,0,1,3,0.0
2027-02-15,0,0.0,0,15,0,0,1,3,0.0
2027-02-16,0,0.0,1,16,0,0,1,3,0.0
2027-02-17,0,0.0,2,17,0,0,1,3,0.0
2027-02-18,0,0.0,3,18,0,0,1,3,0.0
2027-02-19,0,0.0,4,19,0,0,1,3,0.0
2027-02-20,1,0.0,5,20,0,0,1,3,0.0
2027-02-21,1,0.0,6,21,0,0,1,4,0.0
2027-02-22,0,0.0,0,22,0,0,1,4,0.0
2027-02-23,0,0.0,1,23,0,0,1,4,0.0
2027-02-24,0,0.0,2,24,0,0,1,4,0.0
2027-02-25,0,0.0,3,25,0,0,1,4,0.0
2027-02-26,0,0.0,4,26,1,0,1,4,0.0
2027-02-27,1,0.0,5,27,1,0,1,4,0.0
2027-02-28,1,0.0,6,28,1,0,1,5,0.0
2027-03-01,0,0.0,0,1,0,0,1,1,0.0
2027-03-02,0,0.0,1,2,0,0,1,1,0.0
2027-03-03,0,0.0,2,3,0,0,1,1,0.0
2027-03-04,0,0.0,3,4,0,0,1,1,0.0
2027-03-05,0,0.0,4,5,0,0,1,1,0.0
2027-03-06,1,0.0,5,6,0,0,1,1,0.0
2027-03-07,1,0.0,6,7,0,0,1,2,0.0
2027-03-08,0,0.0,0,8,0,0,1,2,0.0
2027-03-09,0,0.0,1,9,0,0,1,2,0.0
2027-03-10,0,0.0,2,10,0,0,1,2,0.0
2027-03-11,0,0.0,3,11,0,0,1,2,0.0
2027-03-12,0,0.0,4,12,0,0,1,2,0.0
2027-03-13,1,0.0,5,13,0,0,1,2,0.0
2027-03-14,1,0.0,6,14,0,0,1,3,0.0
2027-03-15,0,0.0,0,15,0,0,1,3,0.0
2027-03-16,0,0.0,1,16,0,0,1,3,0.0
2027-03-17,0,0.0,2,17,0,0,1,3,0.0
2027-03-18,0,0.0,3,18,0,0,1,3,0.0
2027-03-19,0,0.0,4,19,0,0,1,3,0.0
2027-03-20,1,0.0,5,20,0,0,1,3,0.0
2027-03-21,1,0.0,6,21,0,0,1,4,0.0
2027-03-22,0,0.0,0,22,0,0,1,4,0.0
2027-03-23,0,0.0,1,23,0,0,1,4,0.0
2027-03-24,0,0.0,2,24,0,0,1,4,0.0
2027-03-25,0,0.0,3,25,0,0,1,4,0.0
2027-03-26,0,0.0,4,26,1,0,1,4,0.0
2027-03-27,1,0.0,5,27,1,0,1,4,0.0
2027-03-28,1,0.0,6,28,1,0,1,5,0.0
2027-03-29,0,0.0,0,29,1,0,1,5,0.0
2027-03-30,0,0.0,1,30,1,0,1,5,0.0
2027-03-31,0,0.0,2,31,1,0,1,5,0.0
2027-04-01,0,0.0,3,1,0,0,0,1,0.0
2027-04-02,0,0.0,4,2,0,0,0,1,0.0
2027-04-03,1,0.0,5,3,0,0,0,1,0.0
2027-04-04,1,0.0,6,4,0,0,0,2,0.0
2027-04-05,0,0.0,0,5,0,0,0,2,0.0
2027-04-06,0,0.0,1,6,0,0,0,2,0.0
2027-04-07,0,0.0,2,7,0,0,0,2,0.0
2027-04-08,0,0.0,3,8,0,0,0,2,0.0
2027-04-09,0,0.0,4,9,0,0,0,2,0.0
2027-04-10,1,0.0,5,10,0,0,0,2,0.0
2027-04-11,1,0.0,6,11,0,0,0,3,0.0
2027-04-12,0,0.0,0,12,0,0,0,3,0.0
2027-04-13,0,0.0,1,13,0,0,0,3,0.0
2027-04-14,0,0.0,2,14,0,0,0,3,0.0
2027-04-15,0,0.0,3,15,0,0,0,3,0.0
2027-04-16,0,0.0,4,16,0,0,0,3,0.0
2027-04-17,1,0.0,5,17,0,0,0,3,0.0
2027-04-18,1,0.0,6,18,0,0,0,4,0.0
2027-04-19,0,0.0,0,19,0,0,0,4,0.0
2027-04-20,0,0.0,1,20,0,0,0,4,0.0
2027-04-21,0,0.0,2,21,0,0,0,4,0.0
2027-04-22,0,0.0,3,22,0,0,0,4,0.0
2027-04-23,0,0.0,4,23,0,0,0,4,0.0
2027-04-24,1,0.0,5,24,0,0,0,4,0.0
2027-04-25,1,0.0,6,25,0,0,0,5,0.0
2027-04-26,0,0.0,0,26,1,0,0,5,0.0
2027-04-27,0,0.0,1,27,1,0,0,5,0.0
2027-04-28,0,0.0,2,28,1,0,0,5,0.0
2027-04-29,0,0.0,3,29,1,0,0,5,0.0
2027-04-30,0,0.0,4,30,1,0,0,5,0.0
2027-05-01,1,0.0,5,1,0,0,0,1,0.0
2027-05-02,1,0.0,6,2,0,0,0,2,0.0
2027-05-03,0,0.0,0,3,0,0,0,2,0.0
2027-05-04,0,0.0,1,4,0,0,0,2,0.0
2027-05-05,0,0.0,2,5,0,0,0,2,0.0
2027-05-06,0,0.0,3,6,0,0,0,2,0.0
2027-05-07,0,0.0,4,7,0,0,0,2,0.0
2027-05-08,1,0.0,5,8,0,0,0,2,0.0
2027-05-09,1,0.0,6,9,0,0,0,3,0.0
2027-05-10,0,0.0,0,10,0,0,0,3,0.0
2027-05-11,0,0.0,1,11,0,0,0,3,0.0
2027-05-12,0,0.0,2,12,0,0,0,3,0.0
2027-05-13,0,0.0,3,13,0,0,0,3,0.0
2027-05-14,0,0.0,4,14,0,0,0,3,0.0
2027-05-15,1,0.0,5,15,0,0,0,3,0.0
2027-05-16,1,0.0,6,16,0,0,0,4,0.0
2027-05-17,0,0.0,0,17,0,0,0,4,0.0
2027-05-18,0,0.0,1,18,0,0,0,4,0.0
2027-05-19,0,0.0,2,19,0,0,0,4,0.0
2027-05-20,0,0.0,3,20,0,0,0,4,0.0
2027-05-21,0,0.0,4,21,0,0,0,4,0.0
2027-05-22,1,0.0,5,22,0,0,0,4,0.0
2027-05-23,1,0.0,6,23,0,0,0,5,0.0
2027-05-24,0,0.0,0,24,0,0,0,5,0.0
2027-05-25,0,0.0,1,25,0,0,0,5,0.0
2027-05-26,0,0.0,2,26,1,0,0,5,0.0
2027-05-27,0,0.0,3,27,1,0,0,5,0.0
2027-05-28,0,0.0,4,28,1,0,0,5,0.0
2027-05-29,1,0.0,5,29,1,0,0,5,0.0
2027-05-30,1,0.0,6,30,1,0,0,6,0.0
2027-05-31,0,0.0,0,31,1,0,0,6,0.0
2027-06-01,0,0.0,1,1,0,0,0,1,0.0
2027-06-02,0,0.0,2,2,0,0,0,1,0.0
2027-06-03,0,0.0,3,3,0,0,0,1,0.0
2027-06-04,0,0.0,4,4,0,0,0,1,0.0
2027-06-05,1,0.0,5,5,0,0,0,1,0.0
2027-06-06,1,0.0,6,6,0,0,0,2,0.0
2027-06-07,0,0.0,0,7,0,0,0,2,0.0
2027-06-08,0,0.0,1,8,0,0,0,2,0.0
2027-06-09,0,0.0,2,9,0,0,0,2,0.0
2027-06-10,0,0.0,3,10,0,0,0,2,0.0
2027-06-11,0,0.0,4,11,0,0,0,2,0.0
2027-06-12,1,0.0,5,12,0,0,0,2,0.0
2027-06-13,1,0.0,6,13,0,0,0,3,0.0
2027-06-14,0,0.0,0,14,0,0,0,3,0.0
2027-06-15,0,0.0,1,15,0,0,0,3,0.0
2027-06-16,0,0.0,2,16,0,0,0,3,0.0
2027-06-17,0,0.0,3,17,0,0,0,3,0.0
2027-06-18,0,0.0,4,18,0,0,0,3,0.0
2027-06-19,1,0.0,5,19,0,0,0,3,0.0
2027-06-20,1,0.0,6,20,0,0,0,4,0.0
2027-06-21,0,0.0,0,21,0,0,0,4,0.0
2027-06-22,0,0.0,1,22,0,0,0,4,0.0
2027-06-23,0,0.0,2,23,0,0,0,4,0.0
2027-06-24,0,0.0,3,24,0,0,0,4,0.0
2027-06-25,0,0.0,4,25,0,0,0,4,0.0
2027-06-26,1,0.0,5,26,1,0,0,4,0.0
2027-06-27,1,0.0,6,27,1,0,0,5,0.0
2027-06-28,0,0.0,0,28,1,0,0,5,0.0
2027-06-29,0,0.0,1,29,1,0,0,5,0.0
2027-06-30,0,0.0,2,30,1,0,0,5,0.0
2027-07-01,0,0.0,3,1,0,0,0,1,0.0
2027-07-02,0,0.0,4,2,0,0,0,1,0.0
2027-07-03,1,0.0,5,3,0,0,0,1,0.0
2027-07-04,1,0.0,6,4,0,0,0,2,0.0
2027-07-05,0,0.0,0,5,0,0,0,2,0.0
2027-07-06,0,0.0,1,6,0,0,0,2,0.0
2027-07-07,0,0.0,2,7,0,0,0,2,0.0
2027-07-08,0,0.0,3,8,0,0,0,2,0.0
2027-07-09,0,0.0,4,9,0,0,0,2,0.0
2027-07-10,1,0.0,5,10,0,0,0,2,0.0
2027-07-11,1,0.0,6,11,0,0,0,3,0.0
2027-07-12,0,0.0,0,12,0,0,0,3,0.0
2027-07-13,0,0.0,1,13,0,0,0,3,0.0
2027-07-14,0,0.0,2,14,0,0,0,3,0.0
2027-07-15,0,0.0,3,15,0,0,0,3,0.0
2027-07-16,0,0.0,4,16,0,0,0,3,0.0
2027-07-17,1,0.0,5,17,0,0,0,3,0.0
2027-07-18,1,0.0,6,18,0,0,0,4,0.0
2027-07-19,0,0.0,0,19,0,0,0,4,0.0
2027-07-20,0,0.0,1,20,0,0,0,4,0.0
2027-07-21,0,0.0,2,21,0,0,0,4,0.0
2027-07-22,0,0.0,3,22,0,0,0,4,0.0
2027-07-23,0,0.0,4,23,0,0,0,4,0.0
2027-07-24,1,0.0,5,24,0,0,0,4,0.0
2027-07-25,1,0.0,6,25,0,0,0,5,0.0
2027-07-26,0,0.0,0,26,1,0,0,5,0.0
2027-07-27,0,0.0,1,27,1,0,0,5,0.0
2027-07-28,0,0.0,2,28,1,0,0,5,0.0
2027-07-29,0,0.0,3,29,1,0,0,5,0.0
2027-07-30,0,0.0,4,30,1,0,0,5,0.0
2027-07-31,1,0.0,5,31,1,0,0,5,0.0
2027-08-01,1,0.0,6,1,0,0,0,2,0.0
2027-08-02,0,0.0,0,2,0,0,0,2,0.0
2027-08-03,0,0.0,1,3,0,0,0,2,0.0
2027-08-04,0,0.0,2,4,0,0,0,2,0.0
2027-08-05,0,0.0,3,5,0,0,0,2,0.0
2027-08-06,0,0.0,4,6,0,0,0,2,0.0
2027-08-07,1,0.0,5,7,0,0,0,2,0.0
2027-08-08,1,0.0,6,8,0,0,0,3,0.0
2027-08-09,0,0.0,0,9,0,0,0,3,0.0
2027-08-10,0,0.0,1,10,0,0,0,3,0.0
2027-08-11,0,0.0,2,11,0,0,0,3,0.0
2027-08-12,0,0.0,3,12,0,0,0,3,0.0
2027-08-13,0,0.0,4,13,0,0,0,3,0.0
2027-08-14,1,0.0,5,14,0,0,0,3,0.0
2027-08-15,1,0.0,6,15,0,0,0,4,0.0
2027-08-16,0,0.0,0,16,0,0,0,4,0.0
2027-08-17,0,0.0,1,17,0,0,0,4,0.0
2027-08-18,0,0.0,2,18,0,0,0,4,0.0
2027-08-19,0,0.0,3,19,0,0,0,4,0.0
2027-08-20,0,0.0,4,20,0,0,0,4,0.0
2027-08-21,1,0.0,5,21,0,0,0,4,0.0
2027-08-22,1,0.0,6,22,0,0,0,5,0.0
2027-08-23,0,0.0,0,23,0,0,0,5,0.0
2027-08-24,0,0.0,1,24,0,0,0,5,0.0
2027-08-25,0,0.0,2,25,0,0,0,5,0.0
2027-08-26,0,0.0,3,26,1,0,0,5,0.0
2027-08-27,0,0.0,4,27,1,0,0,5,0.0
2027-08-28,1,0.0,5,28,1,0,0,5,0.0
2027-08-29,1,0.0,6,29,1,0,0,6,0.0
2027-08-30,0,0.0,0,30,1,0,0,6,0.0
2027-08-31,0,0.0,1,31,1,0,0,6,0.0
2027-09-01,0,0.0,2,1,0,0,0,1,0.0
2027-09-02,0,0.0,3,2,0,0,0,1,0.0
2027-09-03,0,0.0,4,3,0,0,0,1,0.0
2027-09-04,1,0.0,5,4,0,0,0,1,0.0
2027-09-05,1,0.0,6,5,0,0,0,2,0.0
2027-09-06,0,0.0,0,6,0,0,0,2,0.0
2027-09-07,0,0.0,1,7,0,0,0,2,0.0
2027-09-08,0,0.0,2,8,0,0,0,2,0.0
2027-09-09,0,0.0,3,9,0,0,0,2,0.0
2027-09-10,0,0.0,4,10,0,0,0,2,0.0
2027-09-11,1,0.0,5,11,0,0,0,2,0.0
2027-09-12,1,0.0,6,12,0,0,0,3,0.0
2027-09-13,0,0.0,0,13,0,0,0,3,0.0
2027-09-14,0,0.0,1,14,0,0,0,3,0.0
2027-09-15,0,0.0,2,15,0,0,0,3,0.0
2027-09-16,0,0.0,3,16,0,0,0,3,0.0
2027-09-17,0,0.0,4,17,0,0,0,3,0.0
2027-09-18,1,0.0,5,18,0,0,0,3,0.0
2027-09-19,1,0.0,6,19,0,0,0,4,0.0
2027-09-20,0,0.0,0,20,0,0,0,4,0.0
2027-09-21,0,0.0,1,21,0,0,0,4,0.0
2027-09-22,0,0.0,2,22,0,0,0,4,0.0
2027-09-23,0,0.0,3,23,0,0,0,4,0.0
2027-09-24,0,0.0,4,24,0,0,0,4,0.0
2027-09-25,1,0.0,5,25,0,0,0,4,0.0
2027-09-26,1,0.0,6,26,1,0,0,5,0.0
2027-09-27,0,0.0,0,27,1,0,0,5,0.0
2027-09-28,0,0.0,1,28,1,0,0,5,0.0
2027-09-29,0,0.0,2,29,1,0,0,5,0.0
2027-09-30,0,0.0,3,30,1,0,0,5,0.0
2027-10-01,0,0.0,4,1,0,0,0,1,0.0
2027-10-02,1,0.0,5,2,0,0,0,1,0.0
2027-10-03,1,0.0,6,3,0,0,0,2,0.0
2027-10-04,0,0.0,0,4,0,0,0,2,0.0
2027-10-05,0,0.0,1,5,0,0,0,2,0.0
2027-10-06,0,0.0,2,6,0,0,0,2,0.0
2027-10-07,0,0.0,3,7,0,0,0,2,0.0
2027-10-08,0,0.0,4,8,0,0,0,2,0.0
2027-10-09,1,0.0,5,9,0,0,0,2,0.0
2027-10-10,1,0.0,6,10,0,0,0,3,0.0
2027-10-11,0,0.0,0,11,0,0,0,3,0.0
2027-10-12,0,0.0,1,12,0,0,0,3,0.0
2027-10-13,0,0.0,2,13,0,0,0,3,0.0
2027-10-14,0,0.0,3,14,0,0,0,3,0.0
2027-10-15,0,0.0,4,15,0,0,0,3,0.0
2027-10-16,1,0.0,5,16,0,0,0,3,0.0
2027-10-17,1,0.0,6,17,0,0,0,4,0.0
2027-10-18,0,0.0,0,18,0,0,0,4,0.0
2027-10-19,0,0.0,1,19,0,0,0,4,0.0
2027-10-20,0,0.0,2,20,0,0,0,4,0.0
2027-10-21,0,0.0,3,21,0,0,0,4,0.0
2027-10-22,0,0.0,4,22,0,0,0,4,0.0
2027-10-23,1,0.0,5,23,0,0,0,4,0.0
2027-10-24,1,0.0,6,24,0,0,0,5,0.0
2027-10-25,0,0.0,0,25,0,0,0,5,0.0
2027-10-26,0,0.0,1,26,1,0,0,5,0.0
2027-10-27,0,0.0,2,27,1,0,0,5,0.0
2027-10-28,0,0.0,3,28,1,0,0,5,0.0
2027-10-29,0,0.0,4,29,1,0,0,5,0.0
2027-10-30,1,0.0,5,30,1,0,0,5,0.0
2027-10-31,1,0.0,6,31,1,0,0,6,0.0
2027-11-01,0,0.0,0,1,0,0,0,1,0.0
2027-11-02,0,0.0,1,2,0,0,0,1,0.0
2027-11-03,0,0.0,2,3,0,0,0,1,0.0
2027-11-04,0,0.0,3,4,0,0,0,1,0.0
2027-11-05,0,0.0,4,5,0,0,0,1,0.0
2027-11-06,1,0.0,5,6,0,0,0,1,0.0
2027-11-07,1,0.0,6,7,0,0,0,2,0.0
2027-11-08,0,0.0,0,8,0,0,0,2,0.0
2027-11-09,0,0.0,1,9,0,0,0,2,0.0
2027-11-10,0,0.0,2,10,0,0,0,2,0.0
2027-11-11,0,0.0,3,11,0,0,0,2,0.0
2027-11-12,0,0.0,4,12,0,0,0,2,0.0
2027-11-13,1,0.0,5,13,0,0,0,2,0.0
2027-11-14,1,0.0,6,14,0,0,0,3,0.0
2027-11-15,0,0.0,0,15,0,0,0,3,0.0
2027-11-16,0,0.0,1,16,0,0,0,3,0.0
2027-11-17,0,0.0,2,17,0,0,0,3,0.0
2027-11-18,0,0.0,3,18,0,0,0,3,0.0
2027-11-19,0,0.0,4,19,0,0,0,3,0.0
2027-11-20,1,0.0,5,20,0,0,0,3,0.0
2027-11-21,1,0.0,6,21,0,0,0,4,0.0
2027-11-22,0,0.0,0,22,0,0,0,4,0.0
2027-11-23,0,0.0,1,23,0,0,0,4,0.0
2027-11-24,0,0.0,2,24,0,0,0,4,0.0
2027-11-25,0,0.0,3,25,0,0,0,4,0.0
2027-11-26,0,0.0,4,26,1,0,0,4,0.0
2027-11-27,1,0.0,5,27,1,0,0,4,0.0
2027-11-28,1,0.0,6,28,1,0,0,5,0.0
2027-11-29,0,0.0,0,29,1,0,0,5,0.0
2027-11-30,0,0.0,1,30,1,0,0,5,0.0
2027-12-01,0,0.0,2,1,0,1,0,1,0.0
2027-12-02,0,0.0,3,2,0,1,0,1,0.0
2027-12-03,0,0.0,4,3,0,1,0,1,0.0
2027-12-04,1,0.0,5,4,0,1,0,1,0.0
2027-12-05,1,0.0,6,5,0,1,0,2,0.0
2027-12-06,0,0.0,0,6,0,1,0,2,0.0
2027-12-07,0,0.0,1,7,0,1,0,2,0.0
2027-12-08,0,0.0,2,8,0,1,0,2,0.0
2027-12-09,0,0.0,3,9,0,1,0,2,0.0
2027-12-10,0,0.0,4,10,0,1,0,2,0.0
2027-12-11,1,0.0,5,11,0,1,0,2,0.0
2027-12-12,1,0.0,6,12,0,1,0,3,0.0
2027-12-13,0,0.0,0,13,0,1,0,3,0.0
2027-12-14,0,0.0,1,14,0,1,0,3,0.0
2027-12-15,0,0.0,2,15,0,1,0,3,0.0
2027-12-16,0,0.0,3,16,0,1,0,3,0.0
2027-12-17,0,0.0,4,17,0,1,0,3,0.0
2027-12-18,1,0.0,5,18,0,1,0,3,0.0
2027-12-19,1,0.0,6,19,0,1,0,4,0.0
2027-12-20,0,0.0,0,20,0,1,0,4,0.0
2027-12-21,0,0.0,1,21,0,1,0,4,0.0
2027-12-22,0,0.0,2,22,0,1,0,4,0.0
2027-12-23,0,0.0,3,23,0,1,0,4,0.0
2027-12-24,0,0.0,4,24,0,1,0,4,0.0
2027-12-25,1,0.0,5,25,0,1,0,4,0.0
2027-12-26,1,0.0,6,26,1,1,0,5,0.0
2027-12-27,0,0.0,0,27,1,1,0,5,0.0
2027-12-28,0,0.0,1,28,1,1,0,5,0.0
2027-12-29,0,0.0,2,29,1,1,0,5,0.0
2027-12-30,0,0.0,3,30,1,1,0,5,0.0
2027-12-31,0,0.0,4,31,1,1,0,5,0.0
2028-01-01,1,0.0,5,1,0,0,0,1,0.0
2028-01-02,1,0.0,6,2,0,0,0,2,0.0
2028-01-03,0,0.0,0,3,0,0,0,2,0.0
2028-01-04,0,0.0,1,4,0,0,0,2,0.0
2028-01-05,0,0.0,2,5,0,0,0,2,0.0
2028-01-06,0,0.0,3,6,0,0,0,2,0.0
2028-01-07,0,0.0,4,7,0,0,0,2,0.0
2028-01-08,1,0.0,5,8,0,0,0,2,0.0
2028-01-09,1,0.0,6,9,0,0,0,3,0.0
2028-01-10,0,0.0,0,10,0,0,0,3,0.0
2028-01-11,0,0.0,1,11,0,0,0,3,0.0
2028-01-12,0,0.0,2,12,0,0,0,3,0.0
2028-01-13,0,0.0,3,13,0,0,0,3,0.0
2028-01-14,0,0.0,4,14,0,0,0,3,0.0
2028-01-15,1,0.0,5,15,0,0,0,3,0.0
2028-01-16,1,0.0,6,16,0,0,0,4,0.0
2028-01-17,0,0.0,0,17,0,0,0,4,0.0
2028-01-18,0,0.0,1,18,0,0,0,4,0.0
2028-01-19,0,0.0,2,19,0,0,0,4,0.0
2028-01-20,0,0.0,3,20,0,0,0,4,0.0
2028-01-21,0,0.0,4,21,0,0,0,4,0.0
2028-01-22,1,0.0,5,22,0,0,0,4,0.0
2028-01-23,1,0.0,6,23,0,0,0,5,0.0
2028-01-24,0,0.0,0,24,0,0,0,5,0.0
2028-01-25,0,0.0,1,25,0,0,0,5,0.0
2028-01-26,0,0.0,2,26,1,0,0,5,0.0
2028-01-27,0,0.0,3,27,1,0,0,5,0.0
2028-01-28,0,0.0,4,28,1,0,0,5,0.0
2028-01-29,1,0.0,5,29,1,0,0,5,0.0
2028-01-30,1,0.0,6,30,1,0,0,6,0.0
2028-01-31,0,0.0,0,31,1,0,0,6,0.0
2028-02-01,0,0.0,1,1,0,0,1,1,0.0
2028-02-02,0,0.0,2,2,0,0,1,1,0.0
2028-02-03,0,0.0,3,3,0,0,1,1,0.0
2028-02-04,0,0.0,4,4,0,0,1,1,0.0
2028-02-05,1,0.0,5,5,0,0,1,1,0.0
2028-02-06,1,0.0,6,6,0,0,1,2,0.0
2028-02-07,0,0.0,0,7,0,0,1,2,0.0
2028-02-08,0,0.0,1,8,0,0,1,2,0.0
2028-02-09,0,0.0,2,9,0,0,1,2,0.0
2028-02-10,0,0.0,3,10,0,0,1,2,0.0
2028-02-11,0,0.0,4,11,0,0,1,2,0.0
2028-02-12,1,0.0,5,12,0,0,1,2,0.0
2028-02-13,1,0.0,6,13,0,0,1,3,0.0
2028-02-14,0,0.0,0,14,0,0,1,3,0.0
2028-02-15,0,0.0,1,15,0,0,1,3,0.0
2028-02-16,0,0.0,2,16,0,0,1,3,0.0
2028-02-17,0,0.0,3,17,0,0,1,3,0.0
2028-02-18,0,0.0,4,18,0,0,1,3,0.0
2028-02-19,1,0.0,5,19,0,0,1,3,0.0
2028-02-20,1,0.0,6,20,0,0,1,4,0.0
2028-02-21,0,0.0,0,21,0,0,1,4,0.0
2028-02-22,0,0.0,1,22,0,0,1,4,0.0
2028-02-23,0,0.0,2,23,0,0,1,4,0.0
2028-02-24,0,0.0,3,24,0,0,1,4,0.0
2028-02-25,0,0.0,4,25,0,0,1,4,0.0
2028-02-26,1,0.0,5,26,1,0,1,4,0.0
2028-02-27,1,0.0,6,27,1,0,1,5,0.0
2028-02-28,0,0.0,0,28,1,0,1,5,0.0
2028-02-29,0,0.0,1,29,1,0,1,5,0.0
2028-03-01,0,0.0,2,1,0,0,1,1,0.0
2028-03-02,0,0.0,3,2,0,0,1,1,0.0
2028-03-03,0,0.0,4,3,0,0,1,1,0.0
2028-03-04,1,0.0,5,4,0,0,1,1,0.0
2028-03-05,1,0.0,6,5,0,0,1,2,0.0
2028-03-06,0,0.0,0,6,0,0,1,2,0.0
2028-03-07,0,0.0,1,7,0,0,1,2,0.0
2028-03-08,0,0.0,2,8,0,0,1,2,0.0
2028-03-09,0,0.0,3,9,0,0,1,2,0.0
2028-03-10,0,0.0,4,10,0,0,1,2,0.0
2028-03-11,1,0.0,5,11,0,0,1,2,0.0
2028-03-12,1,0.0,6,12,0,0,1,3,0.0
2028-03-13,0,0.0,0,13,0,0,1,3,0.0
2028-03-14,0,0.0,1,14,0,0,1,3,0.0
2028-03-15,0,0.0,2,15,0,0,1,3,0.0
2028-03-16,0,0.0,3,16,0,0,1,3,0.0
2028-03-17,0,0.0,4,17,0,0,1,3,0.0
2028-03-18,1,0.0,5,18,0,0,1,3,0.0
2028-03-19,1,0.0,6,19,0,0,1,4,0.0
2028-03-20,0,0.0,0,20,0,0,1,4,0.0
2028-03-21,0,0.0,1,21,0,0,1,4,0.0
2028-03-22,0,0.0,2,22,0,0,1,4,0.0
2028-03-23,0,0.0,3,23,0,0,1,4,0.0
2028-03-24,0,0.0,4,24,0,0,1,4,0.0
2028-03-25,1,0.0,5,25,0,0,1,4,0.0
2028-03-26,1,0.0,6,26,1,0,1,5,0.0
2028-03-27,0,0.0,0,27,1,0,1,5,0.0
2028-03-28,0,0.0,1,28,1,0,1,5,0.0
2028-03-29,0,0.0,2,29,1,0,1,5,0.0
2028-03-30,0,0.0,3,30,1,0,1,5,0.0
2028-03-31,0,0.0,4,31,1,0,1,5,0.0
2028-04-01,1,0.0,5,1,0,0,0,1,0.0
2028-04-02,1,0.0,6,2,0,0,0,2,0.0
2028-04-03,0,0.0,0,3,0,0,0,2,0.0
2028-04-04,0,0.0,1,4,0,0,0,2,0.0
2028-04-05,0,0.0,2,5,0,0,0,2,0.0
2028-04-06,0,0.0,3,6,0,0,0,2,0.0
2028-04-07,0,0.0,4,7,0,0,0,2,0.0
2028-04-08,1,0.0,5,8,0,0,0,2,0.0
2028-04-09,1,0.0,6,9,0,0,0,3,0.0
2028-04-10,0,0.0,0,10,0,0,0,3,0.0
2028-04-11,0,0.0,1,11,0,0,0,3,0.0
2028-04-12,0,0.0,2,12,0,0,0,3,0.0
2028-04-13,0,0.0,3,13,0,0,0,3,0.0
2028-04-14,0,0.0,4,14,0,0,0,3,0.0
2028-04-15,1,0.0,5,15,0,0,0,3,0.0
2028-04-16,1,0.0,6,16,0,0,0,4,0.0
2028-04-17,0,0.0,0,17,0,0,0,4,0.0
2028-04-18,0,0.0,1,18,0,0,0,4,0.0
2028-04-19,0,0.0,2,19,0,0,0,4,0.0
2028-04-20,0,0.0,3,20,0,0,0,4,0.0
2028-04-21,0,0.0,4,21,0,0,0,4,0.0
2028-04-22,1,0.0,5,22,0,0,0,4,0.0
2028-04-23,1,0.0,6,23,0,0,0,5,0.0
2028-04-24,0,0.0,0,24,0,0,0,5,0.0
2028-04-25,0,0.0,1,25,0,0,0,5,0.0
2028-04-26,0,0.0,2,26,1,0,0,5,0.0
2028-04-27,0,0.0,3,27,1,0,0,5,0.0
2028-04-28,0,0.0,4,28,1,0,0,5,0.0
2028-04-29,1,0.0,5,29,1,0,0,5,0.0
2028-04-30,1,0.0,6,30,1,0,0,6,0.0
2028-05-01,0,0.0,0,1,0,0,0,1,0.0
2028-05-02,0,0.0,1,2,0,0,0,1,0.0
2028-05-03,0,0.0,2,3,0,0,0,1,0.0
2028-05-04,0,0.0,3,4,0,0,0,1,0.0
2028-05-05,0,0.0,4,5,0,0,0,1,0.0
2028-05-06,1,0.0,5,6,0,0,0,1,0.0
2028-05-07,1,0.0,6,7,0,0,0,2,0.0
2028-05-08,0,0.0,0,8,0,0,0,2,0.0
2028-05-09,0,0.0,1,9,0,0,0,2,0.0
2028-05-10,0,0.0,2,10,0,0,0,2,0.0
2028-05-11,0,0.0,3,11,0,0,0,2,0.0
2028-05-12,0,0.0,4,12,0,0,0,2,0.0
2028-05-13,1,0.0,5,13,0,0,0,2,0.0
2028-05-14,1,0.0,6,14,0,0,0,3,0.0
2028-05-15,0,0.0,0,15,0,0,0,3,0.0
2028-05-16,0,0.0,1,16,0,0,0,3,0.0
2028-05-17,0,0.0,2,17,0,0,0,3,0.0
2028-05-18,0,0.0,3,18,0,0,0,3,0.0
2028-05-19,0,0.0,4,19,0,0,0,3,0.0
2028-05-20,1,0.0,5,20,0,0,0,3,0.0
2028-05-21,1,0.0,6,21,0,0,0,4,0.0
2028-05-22,0,0.0,0,22,0,0,0,4,0.0
2028-05-23,0,0.0,1,23,0,0,0,4,0.0
2028-05-24,0,0.0,2,24,0,0,0,4,0.0
2028-05-25,0,0.0,3,25,0,0,0,4,0.0
2028-05-26,0,0.0,4,26,1,0,0,4,0.0
2028-05-27,1,0.0,5,27,1,0,0,4,0.0
2028-05-28,1,0.0,6,28,1,0,0,5,0.0
2028-05-29,0,0.0,0,29,1,0,0,5,0.0
2028-05-30,0,0.0,1,30,1,0,0,5,0.0
2028-05-31,0,0.0,2,31,1,0,0,5,0.0
2028-06-01,0,0.0,3,1,0,0,0,1,0.0
2028-06-02,0,0.0,4,2,0,0,0,1,0.0
2028-06-03,1,0.0,5,3,0,0,0,1,0.0
2028-06-04,1,0.0,6,4,0,0,0,2,0.0
2028-06-05,0,0.0,0,5,0,0,0,2,0.0
2028-06-06,0,0.0,1,6,0,0,0,2,0.0
2028-06-07,0,0.0,2,7,0,0,0,2,0.0
2028-06-08,0,0.0,3,8,0,0,0,2,0.0
2028-06-09,0,0.0,4,9,0,0,0,2,0.0
2028-06-10,1,0.0,5,10,0,0,0,2,0.0
2028-06-11,1,0.0,6,11,0,0,0,3,0.0
2028-06-12,0,0.0,0,12,0,0,0,3,0.0
2028-06-13,0,0.0,1,13,0,0,0,3,0.0
2028-06-14,0,0.0,2,14,0,0,0,3,0.0
2028-06-15,0,0.0,3,15,0,0,0,3,0.0
2028-06-16,0,0.0,4,16,0,0,0,3,0.0
2028-06-17,1,0.0,5,17,0,0,0,3,0.0
2028-06-18,1,0.0,6,18,0,0,0,4,0.0
2028-06-19,0,0.0,0,19,0,0,0,4,0.0
2028-06-20,0,0.0,1,20,0,0,0,4,0.0
2028-06-21,0,0.0,2,21,0,0,0,4,0.0
2028-06-22,0,0.0,3,22,0,0,0,4,0.0
2028-06-23,0,0.0,4,23,0,0,0,4,0.0
2028-06-24,1,0.0,5,24,0,0,0,4,0.0
2028-06-25,1,0.0,6,25,0,0,0,5,0.0
2028-06-26,0,0.0,0,26,1,0,0,5,0.0
2028-06-27,0,0.0,1,27,1,0,0,5,0.0
2028-06-28,0,0.0,2,28,1,0,0,5,0.0
2028-06-29,0,0.0,3,29,1,0,0,5,0.0
2028-06-30,0,0.0,4,30,1,0,0,5,0.0
2028-07-01,1,0.0,5,1,0,0,0,1,0.0
2028-07-02,1,0.0,6,2,0,0,0,2,0.0
2028-07-03,0,0.0,0,3,0,0,0,2,0.0
2028-07-04,0,0.0,1,4,0,0,0,2,0.0
2028-07-05,0,0.0,2,5,0,0,0,2,0.0
2028-07-06,0,0.0,3,6,0,0,0,2,0.0
2028-07-07,0,0.0,4,7,0,0,0,2,0.0
2028-07-08,1,0.0,5,8,0,0,0,2,0.0
2028-07-09,1,0.0,6,9,0,0,0,3,0.0
2028-07-10,0,0.0,0,10,0,0,0,3,0.0
2028-07-11,0,0.0,1,11,0,0,0,3,0.0
2028-07-12,0,0.0,2,12,0,0,0,3,0.0
2028-07-13,0,0.0,3,13,0,0,0,3,0.0
2028-07-14,0,0.0,4,14,0,0,0,3,0.0
2028-07-15,1,0.0,5,15,0,0,0,3,0.0
2028-07-16,1,0.0,6,16,0,0,0,4,0.0
2028-07-17,0,0.0,0,17,0,0,0,4,0.0
2028-07-18,0,0.0,1,18,0,0,0,4,0.0
2028-07-19,0,0.0,2,19,0,0,0,4,0.0
2028-07-20,0,0.0,3,20,0,0,0,4,0.0
2028-07-21,0,0.0,4,21,0,0,0,4,0.0
2028-07-22,1,0.0,5,22,0,0,0,4,0.0
2028-07-23,1,0.0,6,23,0,0,0,5,0.0
2028-07-24,0,0.0,0,24,0,0,0,5,0.0
2028-07-25,0,0.0,1,25,0,0,0,5,0.0
2028-07-26,0,0.0,2,26,1,0,0,5,0.0
2028-07-27,0,0.0,3,27,1,0,0,5,0.0
2028-07-28,0,0.0,4,28,1,0,0,5,0.0
2028-07-29,1,0.0,5,29,1,0,0,5,0.0
2028-07-30,1,0.0,6,30,1,0,0,6,0.0
2028-07-31,0,0.0,0,31,1,0,0,6,0.0
2028-08-01,0,0.0,1,1,0,0,0,1,0.0
2028-08-02,0,0.0,2,2,0,0,0,1,0.0
2028-08-03,0,0.0,3,3,0,0,0,1,0.0
2028-08-04,0,0.0,4,4,0,0,0,1,0.0
2028-08-05,1,0.0,5,5,0,0,0,1,0.0
2028-08-06,1,0.0,6,6,0,0,0,2,0.0
2028-08-07,0,0.0,0,7,0,0,0,2,0.0
2028-08-08,0,0.0,1,8,0,0,0,2,0.0
2028-08-09,0,0.0,2,9,0,0,0,2,0.0
2028-08-10,0,0.0,3,10,0,0,0,2,0.0
2028-08-11,0,0.0,4,11,0,0,0,2,0.0
2028-08-12,1,0.0,5,12,0,0,0,2,0.0
2028-08-13,1,0.0,6,13,0,0,0,3,0.0
2028-08-14,0,0.0,0,14,0,0,0,3,0.0
2028-08-15,0,0.0,1,15,0,0,0,3,0.0
2028-08-16,0,0.0,2,16,0,0,0,3,0.0
2028-08-17,0,0.0,3,17,0,0,0,3,0.0
2028-08-18,0,0.0,4,18,0,0,0,3,0.0
2028-08-19,1,0.0,5,19,0,0,0,3,0.0
2028-08-20,1,0.0,6,20,0,0,0,4,0.0
2028-08-21,0,0.0,0,21,0,0,0,4,0.0
2028-08-22,0,0.0,1,22,0,0,0,4,0.0
2028-08-23,0,0.0,2,23,0,0,0,4,0.0
2028-08-24,0,0.0,3,24,0,0,0,4,0.0
2028-08-25,0,0.0,4,25,0,0,0,4,0.0
2028-08-26,1,0.0,5,26,1,0,0,4,0.0
2028-08-27,1,0.0,6,27,1,0,0,5,0.0
2028-08-28,0,0.0,0,28,1,0,0,5,0.0
2028-08-29,0,0.0,1,29,1,0,0,5,0.0
2028-08-30,0,0.0,2,30,1,0,0,5,0.0
2028-08-31,0,0.0,3,31,1,0,0,5,0.0
2028-09-01,0,0.0,4,1,0,0,0,1,0.0
2028-09-02,1,0.0,5,2,0,0,0,1,0.0
2028-09-03,1,0.0,6,3,0,0,0,2,0.0
2028-09-04,0,0.0,0,4,0,0,0,2,0.0
2028-09-05,0,0.0,1,5,0,0,0,2,0.0
2028-09-06,0,0.0,2,6,0,0,0,2,0.0
2028-09-07,0,0.0,3,7,0,0,0,2,0.0
2028-09-08,0,0.0,4,8,0,0,0,2,0.0
2028-09-09,1,0.0,5,9,0,0,0,2,0.0
2028-09-10,1,0.0,6,10,0,0,0,3,0.0
2028-09-11,0,0.0,0,11,0,0,0,3,0.0
2028-09-12,0,0.0,1,12,0,0,0,3,0.0
2028-09-13,0,0.0,2,13,0,0,0,3,0.0
2028-09-14,0,0.0,3,14,0,0,0,3,0.0
2028-09-15,0,0.0,4,15,0,0,0,3,0.0
2028-09-16,1,0.0,5,16,0,0,0,3,0.0
2028-09-17,1,0.0,6,17,0,0,0,4,0.0
2028-09-18,0,0.0,0,18,0,0,0,4,0.0
2028-09-19,0,0.0,1,19,0,0,0,4,0.0
2028-09-20,0,0.0,2,20,0,0,0,4,0.0
2028-09-21,0,0.0,3,21,0,0,0,4,0.0
2028-09-22,0,0.0,4,22,0,0,0,4,0.0
2028-09-23,1,0.0,5,23,0,0,0,4,0.0
2028-09-24,1,0.0,6,24,0,0,0,5,0.0
2028-09-25,0,0.0,0,25,0,0,0,5,0.0
2028-09-26,0,0.0,1,26,1,0,0,5,0.0
2028-09-27,0,0.0,2,27,1,0,0,5,0.0
2028-09-28,0,0.0,3,28,1,0,0,5,0.0
2028-09-29,0,0.0,4,29,1,0,0,5,0.0
2028-09-30,1,0.0,5,30,1,0,0,5,0.0
2028-10-01,1,0.0,6,1,0,0,0,2,0.0
2028-10-02,0,0.0,0,2,0,0,0,2,0.0
2028-10-03,0,0.0,1,3,0,0,0,2,0.0
2028-10-04,0,0.0,2,4,0,0,0,2,0.0
2028-10-05,0,0.0,3,5,0,0,0,2,0.0
2028-10-06,0,0.0,4,6,0,0,0,2,0.0
2028-10-07,1,0.0,5,7,0,0,0,2,0.0
2028-10-08,1,0.0,6,8,0,0,0,3,0.0
2028-10-09,0,0.0,0,9,0,0,0,3,0.0
2028-10-10,0,0.0,1,10,0,0,0,3,0.0
2028-10-11,0,0.0,2,11,0,0,0,3,0.0
2028-10-12,0,0.0,3,12,0,0,0,3,0.0
2028-10-13,0,0.0,4,13,0,0,0,3,0.0
2028-10-14,1,0.0,5,14,0,0,0,3,0.0
2028-10-15,1,0.0,6,15,0,0,0,4,0.0
2028-10-16,0,0.0,0,16,0,0,0,4,0.0
2028-10-17,0,0.0,1,17,0,0,0,4,0.0
2028-10-18,0,0.0,2,18,0,0,0,4,0.0
2028-10-19,0,0.0,3,19,0,0,0,4,0.0
2028-10-20,0,0.0,4,20,0,0,0,4,0.0
2028-10-21,1,0.0,5,21,0,0,0,4,0.0
2028-10-22,1,0.0,6,22,0,0,0,5,0.0
2028-10-23,0,0.0,0,23,0,0,0,5,0.0
2028-10-24,0,0.0,1,24,0,0,0,5,0.0
2028-10-25,0,0.0,2,25,0,0,0,5,0.0
2028-10-26,0,0.0,3,26,1,0,0,5,0.0
2028-10-27,0,0.0,4,27,1,0,0,5,0.0
2028-10-28,1,0.0,5,28,1,0,0,5,0.0
2028-10-29,1,0.0,6,29,1,0,0,6,0.0
2028-10-30,0,0.0,0,30,1,0,0,6,0.0
2028-10-31,0,0.0,1,31,1,0,0,6,0.0
2028-11-01,0,0.0,2,1,0,0,0,1,0.0
2028-11-02,0,0.0,3,2,0,0,0,1,0.0
2028-11-03,0,0.0,4,3,0,0,0,1,0.0
2028-11-04,1,0.0,5,4,0,0,0,1,0.0
2028-11-05,1,0.0,6,5,0,0,0,2,0.0
2028-11-06,0,0.0,0,6,0,0,0,2,0.0
2028-11-07,0,0.0,1,7,0,0,0,2,0.0
2028-11-08,0,0.0,2,8,0,0,0,2,0.0
2028-11-09,0,0.0,3,9,0,0,0,2,0.0
2028-11-10,0,0.0,4,10,0,0,0,2,0.0
2028-11-11,1,0.0,5,11,0,0,0,2,0.0
2028-11-12,1,0.0,6,12,0,0,0,3,0.0
2028-11-13,0,0.0,0,13,0,0,0,3,0.0
2028-11-14,0,0.0,1,14,0,0,0,3,0.0
2028-11-15,0,0.0,2,15,0,0,0,3,0.0
2028-11-16,0,0.0,3,16,0,0,0,3,0.0
2028-11-17,0,0.0,4,17,0,0,0,3,0.0
2028-11-18,1,0.0,5,18,0,0,0,3,0.0
2028-11-19,1,0.0,6,19,0,0,0,4,0.0
2028-11-20,0,0.0,0,20,0,0,0,4,0.0
2028-11-21,0,0.0,1,21,0,0,0,4,0.0
2028-11-22,0,0.0,2,22,0,0,0,4,0.0
2028-11-23,0,0.0,3,23,0,0,0,4,0.0
2028-11-24,0,0.0,4,24,0,0,0,4,0.0
2028-11-25,1,0.0,5,25,0,0,0,4,0.0
2028-11-26,1,0.0,6,26,1,0,0,5,0.0
2028-11-27,0,0.0,0,27,1,0,0,5,0.0
2028-11-28,0,0.0,1,28,1,0,0,5,0.0
2028-11-29,0,0.0,2,29,1,0,0,5,0.0
2028-11-30,0,0.0,3,30,1,0,0,5,0.0
2028-12-01,0,0.0,4,1,0,1,0,1,0.0
2028-12-02,1,0.0,5,2,0,1,0,1,0.0
2028-12-03,1,0.0,6,3,0,1,0,2,0.0
2028-12-04,0,0.0,0,4,0,1,0,2,0.0
2028-12-05,0,0.0,1,5,0,1,0,2,0.0
2028-12-06,0,0.0,2,6,0,1,0,2,0.0
2028-12-07,0,0.0,3,7,0,1,0,2,0.0
2028-12-08,0,0.0,4,8,0,1,0,2,0.0
2028-12-09,1,0.0,5,9,0,1,0,2,0.0
2028-12-10,1,0.0,6,10,0,1,0,3,0.0
2028-12-11,0,0.0,0,11,0,1,0,3,0.0
2028-12-12,0,0.0,1,12,0,1,0,3,0.0
2028-12-13,0,0.0,2,13,0,1,0,3,0.0
2028-12-14,0,0.0,3,14,0,1,0,3,0.0
2028-12-15,0,0.0,4,15,0,1,0,3,0.0
2028-12-16,1,0.0,5,16,0,1,0,3,0.0
2028-12-17,1,0.0,6,17,0,1,0,4,0.0
2028-12-18,0,0.0,0,18,0,1,0,4,0.0
2028-12-19,0,0.0,1,19,0,1,0,4,0.0
2028-12-20,0,0.0,2,20,0,1,0,4,0.0
2028-12-21,0,0.0,3,21,0,1,0,4,0.0
2028-12-22,0,0.0,4,22,0,1,0,4,0.0
2028-12-23,1,0.0,5,23,0,1,0,4,0.0
2028-12-24,1,0.0,6,24,0,1,0,5,0.0
2028-12-25,0,0.0,0,25,0,1,0,5,0.0
2028-12-26,0,0.0,1,26,1,1,0,5,0.0
2028-12-27,0,0.0,2,27,1,1,0,5,0.0
2028-12-28,0,0.0,3,28,1,1,0,5,0.0
2028-12-29,0,0.0,4,29,1,1,0,5,0.0
2028-12-30,1,0.0,5,30,1,1,0,5,0.0
2028-12-31,1,0.0,6,31,1,1,0,6,0.0
2029-01-01,0,0.0,0,1,0,0,0,1,0.0
2029-01-02,0,0.0,1,2,0,0,0,1,0.0
2029-01-03,0,0.0,2,3,0,0,0,1,0.0
2029-01-04,0,0.0,3,4,0,0,0,1,0.0
2029-01-05,0,0.0,4,5,0,0,0,1,0.0
2029-01-06,1,0.0,5,6,0,0,0,1,0.0
2029-01-07,1,0.0,6,7,0,0,0,2,0.0
2029-01-08,0,0.0,0,8,0,0,0,2,0.0
2029-01-09,0,0.0,1,9,0,0,0,2,0.0
2029-01-10,0,0.0,2,10,0,0,0,2,0.0
2029-01-11,0,0.0,3,11,0,0,0,2,0.0
2029-01-12,0,0.0,4,12,0,0,0,2,0.0
2029-01-13,1,0.0,5,13,0,0,0,2,0.0
2029-01-14,1,0.0,6,14,0,0,0,3,0.0
2029-01-15,0,0.0,0,15,0,0,0,3,0.0
2029-01-16,0,0.0,1,16,0,0,0,3,0.0
2029-01-17,0,0.0,2,17,0,0,0,3,0.0
2029-01-18,0,0.0,3,18,0,0,0,3,0.0
2029-01-19,0,0.0,4,19,0,0,0,3,0.0
2029-01-20,1,0.0,5,20,0,0,0,3,0.0
2029-01-21,1,0.0,6,21,0,0,0,4,0.0
2029-01-22,0,0.0,0,22,0,0,0,4,0.0
2029-01-23,0,0.0,1,23,0,0,0,4,0.0
2029-01-24,0,0.0,2,24,0,0,0,4,0.0
2029-01-25,0,0.0,3,25,0,0,0,4,0.0
2029-01-26,0,0.0,4,26,1,0,0,4,0.0
2029-01-27,1,0.0,5,27,1,0,0,4,0.0
2029-01-28,1,0.0,6,28,1,0,0,5,0.0
2029-01-29,0,0.0,0,29,1,0,0,5,0.0
2029-01-30,0,0.0,1,30,1,0,0,5,0.0
2029-01-31,0,0.0,2,31,1,0,0,5,0.0
2029-02-01,0,0.0,3,1,0,0,1,1,0.0
2029-02-02,0,0.0,4,2,0,0,1,1,0.0
2029-02-03,1,0.0,5,3,0,0,1,1,0.0
2029-02-04,1,0.0,6,4,0,0,1,2,0.0
2029-02-05,0,0.0,0,5,0,0,1,2,0.0
2029-02-06,0,0.0,1,6,0,0,1,2,0.0
2029-02-07,0,0.0,2,7,0,0,1,2,0.0
2029-02-08,0,0.0,3,8,0,0,1,2,0.0
2029-02-09,0,0.0,4,9,0,0,1,2,0.0
2029-02-10,1,0.0,5,10,0,0,1,2,0.0
2029-02-11,1,0.0,6,11,0,0,1,3,0.0
2029-02-12,0,0.0,0,12,0,0,1,3,0.0
2029-02-13,0,0.0,1,13,0,0,1,3,0.0
2029-02-14,0,0.0,2,14,0,0,1,3,0.0
2029-02-15,0,0.0,3,15,0,0,1,3,0.0
2029-02-16,0,0.0,4,16,0,0,1,3,0.0
2029-02-17,1,0.0,5,17,0,0,1,3,0.0
2029-02-18,1,0.0,6,18,0,0,1,4,0.0
2029-02-19,0,0.0,0,19,0,0,1,4,0.0
2029-02-20,0,0.0,1,20,0,0,1,4,0.0
2029-02-21,0,0.0,2,21,0,0,1,4,0.0
2029-02-22,0,0.0,3,22,0,0,1,4,0.0
2029-02-23,0,0.0,4,23,0,0,1,4,0.0
2029-02-24,1,0.0,5,24,0,0,1,4,0.0
2029-02-25,1,0.0,6,25,0,0,1,5,0.0
2029-02-26,0,0.0,0,26,1,0,1,5,0.0
2029-02-27,0,0.0,1,27,1,0,1,5,0.0
2029-02-28,0,0.0,2,28,1,0,1,5,0.0
2029-03-01,0,0.0,3,1,0,0,1,1,0.0
2029-03-02,0,0.0,4,2,0,0,1,1,0.0
2029-03-03,1,0.0,5,3,0,0,1,1,0.0
2029-03-04,1,0.0,6,4,0,0,1,2,0.0
2029-03-05,0,0.0,0,5,0,0,1,2,0.0
2029-03-06,0,0.0,1,6,0,0,1,2,0.0
2029-03-07,0,0.0,2,7,0,0,1,2,0.0
2029-03-08,0,0.0,3,8,0,0,1,2,0.0
2029-03-09,0,0.0,4,9,0,0,1,2,0.0
2029-03-10,1,0.0,5,10,0,0,1,2,0.0
2029-03-11,1,0.0,6,11,0,0,1,3,0.0
2029-03-12,0,0.0,0,12,0,0,1,3,0.0
2029-03-13,0,0.0,1,13,0,0,1,3,0.0
2029-03-14,0,0.0,2,14,0,0,1,3,0.0
2029-03-15,0,0.0,3,15,0,0,1,3,0.0
2029-03-16,0,0.0,4,16,0,0,1,3,0.0
2029-03-17,1,0.0,5,17,0,0,1,3,0.0
2029-03-18,1,0.0,6,18,0,0,1,4,0.0
2029-03-19,0,0.0,0,19,0,0,1,4,0.0
2029-03-20,0,0.0,1,20,0,0,1,4,0.0
2029-03-21,0,0.0,2,21,0,0,1,4,0.0
2029-03-22,0,0.0,3,22,0,0,1,4,0.0
2029-03-23,0,0.0,4,23,0,0,1,4,0.0
2029-03-24,1,0.0,5,24,0,0,1,4,0.0
2029-03-25,1,0.0,6,25,0,0,1,5,0.0
2029-03-26,0,0.0,0,26,1,0,1,5,0.0
2029-03-27,0,0.0,1,27,1,0,1,5,0.0
2029-03-28,0,0.0,2,28,1,0,1,5,0.0
2029-03-29,0,0.0,3,29,1,0,1,5,0.0
2029-03-30,0,0.0,4,30,1,0,1,5,0.0
2029-03-31,1,0.0,5,31,1,0,1,5,0.0
2029-04-01,1,0.0,6,1,0,0,0,2,0.0
2029-04-02,0,0.0,0,2,0,0,0,2,0.0
2029-04-03,0,0.0,1,3,0,0,0,2,0.0
2029-04-04,0,0.0,2,4,0,0,0,2,0.0
2029-04-05,0,0.0,3,5,0,0,0,2,0.0
2029-04-06,0,0.0,4,6,0,0,0,2,0.0
2029-04-07,1,0.0,5,7,0,0,0,2,0.0
2029-04-08,1,0.0,6,8,0,0,0,3,0.0
2029-04-09,0,0.0,0,9,0,0,0,3,0.0
2029-04-10,0,0.0,1,10,0,0,0,3,0.0
2029-04-11,0,0.0,2,11,0,0,0,3,0.0
2029-04-12,0,0.0,3,12,0,0,0,3,0.0
2029-04-13,0,0.0,4,13,0,0,0,3,0.0
2029-04-14,1,0.0,5,14,0,0,0,3,0.0
2029-04-15,1,0.0,6,15,0,0,0,4,0.0
2029-04-16,0,0.0,0,16,0,0,0,4,0.0
2029-04-17,0,0.0,1,17,0,0,0,4,0.0
2029-04-18,0,0.0,2,18,0,0,0,4,0.0
2029-04-19,0,0.0,3,19,0,0,0,4,0.0
2029-04-20,0,0.0,4,20,0,0,0,4,0.0
2029-04-21,1,0.0,5,21,0,0,0,4,0.0
2029-04-22,1,0.0,6,22,0,0,0,5,0.0
2029-04-23,0,0.0,0,23,0,0,0,5,0.0
2029-04-24,0,0.0,1,24,0,0,0,5,0.0
2029-04-25,0,0.0,2,25,0,0,0,5,0.0
2029-04-26,0,0.0,3,26,1,0,0,5,0.0
2029-04-27,0,0.0,4,27,1,0,0,5,0.0
2029-04-28,1,0.0,5,28,1,0,0,5,0.0
2029-04-29,1,0.0,6,29,1,0,0,6,0.0
2029-04-30,0,0.0,0,30,1,0,0,6,0.0
2029-05-01,0,0.0,1,1,0,0,0,1,0.0
2029-05-02,0,0.0,2,2,0,0,0,1,0.0
2029-05-03,0,0.0,3,3,0,0,0,1,0.0
2029-05-04,0,0.0,4,4,0,0,0,1,0.0
2029-05-05,1,0.0,5,5,0,0,0,1,0.0
2029-05-06,1,0.0,6,6,0,0,0,2,0.0
2029-05-07,0,0.0,0,7,0,0,0,2,0.0
2029-05-08,0,0.0,1,8,0,0,0,2,0.0
2029-05-09,0,0.0,2,9,0,0,0,2,0.0
2029-05-10,0,0.0,3,10,0,0,0,2,0.0
2029-05-11,0,0.0,4,11,0,0,0,2,0.0
2029-05-12,1,0.0,5,12,0,0,0,2,0.0
2029-05-13,1,0.0,6,13,0,0,0,3,0.0
2029-05-14,0,0.0,0,14,0,0,0,3,0.0
2029-05-15,0,0.0,1,15,0,0,0,3,0.0
2029-05-16,0,0.0,2,16,0,0,0,3,0.0
2029-05-17,0,0.0,3,17,0,0,0,3,0.0
2029-05-18,0,0.0,4,18,0,0,0,3,0.0
2029-05-19,1,0.0,5,19,0,0,0,3,0.0
2029-05-20,1,0.0,6,20,0,0,0,4,0.0
2029-05-21,0,0.0,0,21,0,0,0,4,0.0
2029-05-22,0,0.0,1,22,0,0,0,4,0.0
2029-05-23,0,0.0,2,23,0,0,0,4,0.0
2029-05-24,0,0.0,3,24,0,0,0,4,0.0
2029-05-25,0,0.0,4,25,0,0,0,4,0.0
2029-05-26,1,0.0,5,26,1,0,0,4,0.0
2029-05-27,1,0.0,6,27,1,0,0,5,0.0
2029-05-28,0,0.0,0,28,1,0,0,5,0.0
2029-05-29,0,0.0,1,29,1,0,0,5,0.0
2029-05-30,0,0.0,2,30,1,0,0,5,0.0
2029-05-31,0,0.0,3,31,1,0,0,5,0.0
2029-06-01,0,0.0,4,1,0,0,0,1,0.0
2029-06-02,1,0.0,5,2,0,0,0,1,0.0
2029-06-03,1,0.0,6,3,0,0,0,2,0.0
2029-06-04,0,0.0,0,4,0,0,0,2,0.0
2029-06-05,0,0.0,1,5,0,0,0,2,0.0
2029-06-06,0,0.0,2,6,0,0,0,2,0.0
2029-06-07,0,0.0,3,7,0,0,0,2,0.0
2029-06-08,0,0.0,4,8,0,0,0,2,0.0
2029-06-09,1,0.0,5,9,0,0,0,2,0.0
2029-06-10,1,0.0,6,10,0,0,0,3,0.0
2029-06-11,0,0.0,0,11,0,0,0,3,0.0
2029-06-12,0,0.0,1,12,0,0,0,3,0.0
2029-06-13,0,0.0,2,13,0,0,0,3,0.0
2029-06-14,0,0.0,3,14,0,0,0,3,0.0
2029-06-15,0,0.0,4,15,0,0,0,3,0.0
2029-06-16,1,0.0,5,16,0,0,0,3,0.0
2029-06-17,1,0.0,6,17,0,0,0,4,0.0
2029-06-18,0,0.0,0,18,0,0,0,4,0.0
2029-06-19,0,0.0,1,19,0,0,0,4,0.0
2029-06-20,0,0.0,2,20,0,0,0,4,0.0
2029-06-21,0,0.0,3,21,0,0,0,4,0.0
2029-06-22,0,0.0,4,22,0,0,0,4,0.0
2029-06-23,1,0.0,5,23,0,0,0,4,0.0
2029-06-24,1,0.0,6,24,0,0,0,5,0.0
2029-06-25,0,0.0,0,25,0,0,0,5,0.0
2029-06-26,0,0.0,1,26,1,0,0,5,0.0
2029-06-27,0,0.0,2,27,1,0,0,5,0.0
2029-06-28,0,0.0,3,28,1,0,0,5,0.0
2029-06-29,0,0.0,4,29,1,0,0,5,0.0
2029-06-30,1,0.0,5,30,1,0,0,5,0.0
2029-07-01,1,0.0,6,1,0,0,0,2,0.0
2029-07-02,0,0.0,0,2,0,0,0,2,0.0
2029-07-03,0,0.0,1,3,0,0,0,2,0.0
2029-07-04,0,0.0,2,4,0,0,0,2,0.0
2029-07-05,0,0.0,3,5,0,0,0,2,0.0
2029-07-06,0,0.0,4,6,0,0,0,2,0.0
2029-07-07,1,0.0,5,7,0,0,0,2,0.0
2029-07-08,1,0.0,6,8,0,0,0,3,0.0
2029-07-09,0,0.0,0,9,0,0,0,3,0.0
2029-07-10,0,0.0,1,10,0,0,0,3,0.0
2029-07-11,0,0.0,2,11,0,0,0,3,0.0
2029-07-12,0,0.0,3,12,0,0,0,3,0.0
2029-07-13,0,0.0,4,13,0,0,0,3,0.0
2029-07-14,1,0.0,5,14,0,0,0,3,0.0
2029-07-15,1,0.0,6,15,0,0,0,4,0.0
2029-07-16,0,0.0,0,16,0,0,0,4,0.0
2029-07-17,0,0.0,1,17,0,0,0,4,0.0
2029-07-18,0,0.0,2,18,0,0,0,4,0.0
2029-07-19,0,0.0,3,19,0,0,0,4,0.0
2029-07-20,0,0.0,4,20,0,0,0,4,0.0
2029-07-21,1,0.0,5,21,0,0,0,4,0.0
2029-07-22,1,0.0,6,22,0,0,0,5,0.0
2029-07-23,0,0.0,0,23,0,0,0,5,0.0
2029-07-24,0,0.0,1,24,0,0,0,5,0.0
2029-07-25,0,0.0,2,25,0,0,0,5,0.0
2029-07-26,0,0.0,3,26,1,0,0,5,0.0
2029-07-27,0,0.0,4,27,1,0,0,5,0.0
2029-07-28,1,0.0,5,28,1,0,0,5,0.0
2029-07-29,1,0.0,6,29,1,0,0,6,0.0
2029-07-30,0,0.0,0,30,1,0,0,6,0.0
2029-07-31,0,0.0,1,31,1,0,0,6,0.0
2029-08-01,0,0.0,2,1,0,0,0,1,0.0
2029-08-02,0,0.0,3,2,0,0,0,1,0.0
2029-08-03,0,0.0,4,3,0,0,0,1,0.0
2029-08-04,1,0.0,5,4,0,0,0,1,0.0
2029-08-05,1,0.0,6,5,0,0,0,2,0.0
2029-08-06,0,0.0,0,6,0,0,0,2,0.0
2029-08-07,0,0.0,1,7,0,0,0,2,0.0
2029-08-08,0,0.0,2,8,0,0,0,2,0.0
2029-08-09,0,0.0,3,9,0,0,0,2,0.0
2029-08-10,0,0.0,4,10,0,0,0,2,0.0
2029-08-11,1,0.0,5,11,0,0,0,2,0.0
2029-08-12,1,0.0,6,12,0,0,0,3,0.0
2029-08-13,0,0.0,0,13,0,0,0,3,0.0
2029-08-14,0,0.0,1,14,0,0,0,3,0.0
2029-08-15,0,0.0,2,15,0,0,0,3,0.0
2029-08-16,0,0.0,3,16,0,0,0,3,0.0
2029-08-17,0,0.0,4,17,0,0,0,3,0.0
2029-08-18,1,0.0,5,18,0,0,0,3,0.0
2029-08-19,1,0.0,6,19,0,0,0,4,0.0
2029-08-20,0,0.0,0,20,0,0,0,4,0.0
2029-08-21,0,0.0,1,21,0,0,0,4,0.0
2029-08-22,0,0.0,2,22,0,0,0,4,0.0
2029-08-23,0,0.0,3,23,0,0,0,4,0.0
2029-08-24,0,0.0,4,24,0,0,0,4,0.0
2029-08-25,1,0.0,5,25,0,0,0,4,0.0
2029-08-26,1,0.0,6,26,1,0,0,5,0.0
2029-08-27,0,0.0,0,27,1,0,0,5,0.0
2029-08-28,0,0.0,1,28,1,0,0,5,0.0
2029-08-29,0,0.0,2,29,1,0,0,5,0.0
2029-08-30,0,0.0,3,30,1,0,0,5,0.0
2029-08-31,0,0.0,4,31,1,0,0,5,0.0
2029-09-01,1,0.0,5,1,0,0,0,1,0.0
2029-09-02,1,0.0,6,2,0,0,0,2,0.0
2029-09-03,0,0.0,0,3,0,0,0,2,0.0
2029-09-04,0,0.0,1,4,0,0,0,2,0.0
2029-09-05,0,0.0,2,5,0,0,0,2,0.0
2029-09-06,0,0.0,3,6,0,0,0,2,0.0
2029-09-07,0,0.0,4,7,0,0,0,2,0.0
2029-09-08,1,0.0,5,8,0,0,0,2,0.0
2029-09-09,1,0.0,6,9,0,0,0,3,0.0
2029-09-10,0,0.0,0,10,0,0,0,3,0.0
2029-09-11,0,0.0,1,11,0,0,0,3,0.0
2029-09-12,0,0.0,2,12,0,0,0,3,0.0
2029-09-13,0,0.0,3,13,0,0,0,3,0.0
2029-09-14,0,0.0,4,14,0,0,0,3,0.0
2029-09-15,1,0.0,5,15,0,0,0,3,0.0
2029-09-16,1,0.0,6,16,0,0,0,4,0.0
2029-09-17,0,0.0,0,17,0,0,0,4,0.0
2029-09-18,0,0.0,1,18,0,0,0,4,0.0
2029-09-19,0,0.0,2,19,0,0,0,4,0.0
2029-09-20,0,0.0,3,20,0,0,0,4,0.0
2029-09-21,0,0.0,4,21,0,0,0,4,0.0
2029-09-22,1,0.0,5,22,0,0,0,4,0.0
2029-09-23,1,0.0,6,23,0,0,0,5,0.0
2029-09-24,0,0.0,0,24,0,0,0,5,0.0
2029-09-25,0,0.0,1,25,0,0,0,5,0.0
2029-09-26,0,0.0,2,26,1,0,0,5,0.0
2029-09-27,0,0.0,3,27,1,0,0,5,0.0
2029-09-28,0,0.0,4,28,1,0,0,5,0.0
2029-09-29,1,0.0,5,29,1,0,0,5,0.0
2029-09-30,1,0.0,6,30,1,0,0,6,0.0
2029-10-01,0,0.0,0,1,0,0,0,1,0.0
2029-10-02,0,0.0,1,2,0,0,0,1,0.0
2029-10-03,0,0.0,2,3,0,0,0,1,0.0
2029-10-04,0,0.0,3,4,0,0,0,1,0.0
2029-10-05,0,0.0,4,5,0,0,0,1,0.0
2029-10-06,1,0.0,5,6,0,0,0,1,0.0
2029-10-07,1,0.0,6,7,0,0,0,2,0.0
2029-10-08,0,0.0,0,8,0,0,0,2,0.0
2029-10-09,0,0.0,1,9,0,0,0,2,0.0
2029-10-10,0,0.0,2,10,0,0,0,2,0.0
2029-10-11,0,0.0,3,11,0,0,0,2,0.0
2029-10-12,0,0.0,4,12,0,0,0,2,0.0
2029-10-13,1,0.0,5,13,0,0,0,2,0.0
2029-10-14,1,0.0,6,14,0,0,0,3,0.0
2029-10-15,0,0.0,0,15,0,0,0,3,0.0
2029-10-16,0,0.0,1,16,0,0,0,3,0.0
2029-10-17,0,0.0,2,17,0,0,0,3,0.0
2029-10-18,0,0.0,3,18,0,0,0,3,0.0
2029-10-19,0,0.0,4,19,0,0,0,3,0.0
2029-10-20,1,0.0,5,20,0,0,0,3,0.0
2029-10-21,1,0.0,6,21,0,0,0,4,0.0
2029-10-22,0,0.0,0,22,0,0,0,4,0.0
2029-10-23,0,0.0,1,23,0,0,0,4,0.0
2029-10-24,0,0.0,2,24,0,0,0,4,0.0
2029-10-25,0,0.0,3,25,0,0,0,4,0.0
2029-10-26,0,0.0,4,26,1,0,0,4,0.0
2029-10-27,1,0.0,5,27,1,0,0,4,0.0
2029-10-28,1,0.0,6,28,1,0,0,5,0.0
2029-10-29,0,0.0,0,29,1,0,0,5,0.0
2029-10-30,0,0.0,1,30,1,0,0,5,0.0
2029-10-31,0,0.0,2,31,1,0,0,5,0.0
2029-11-01,0,0.0,3,1,0,0,0,1,0.0
2029-11-02,0,0.0,4,2,0,0,0,1,0.0
2029-11-03,1,0.0,5,3,0,0,0,1,0.0
2029-11-04,1,0.0,6,4,0,0,0,2,0.0
2029-11-05,0,0.0,0,5,0,0,0,2,0.0
2029-11-06,0,0.0,1,6,0,0,0,2,0.0
2029-11-07,0,0.0,2,7,0,0,0,2,0.0
2029-11-08,0,0.0,3,8,0,0,0,2,0.0
2029-11-09,0,0.0,4,9,0,0,0,2,0.0
2029-11-10,1,0.0,5,10,0,0,0,2,0.0
2029-11-11,1,0.0,6,11,0,0,0,3,0.0
2029-11-12,0,0.0,0,12,0,0,0,3,0.0
2029-11-13,0,0.0,1,13,0,0,0,3,0.0
2029-11-14,0,0.0,2,14,0,0,0,3,0.0
2029-11-15,0,0.0,3,15,0,0,0,3,0.0
2029-11-16,0,0.0,4,16,0,0,0,3,0.0
2029-11-17,1,0.0,5,17,0,0,0,3,0.0
2029-11-18,1,0.0,6,18,0,0,0,4,0.0
2029-11-19,0,0.0,0,19,0,0,0,4,0.0
2029-11-20,0,0.0,1,20,0,0,0,4,0.0
2029-11-21,0,0.0,2,21,0,0,0,4,0.0
2029-11-22,0,0.0,3,22,0,0,0,4,0.0
2029-11-23,0,0.0,4,23,0,0,0,4,0.0
2029-11-24,1,0.0,5,24,0,0,0,4,0.0
2029-11-25,1,0.0,6,25,0,0,0,5,0.0
2029-11-26,0,0.0,0,26,1,0,0,5,0.0
2029-11-27,0,0.0,1,27,1,0,0,5,0.0
2029-11-28,0,0.0,2,28,1,0,0,5,0.0
2029-11-29,0,0.0,3,29,1,0,0,5,0.0
2029-11-30,0,0.0,4,30,1,0,0,5,0.0
2029-12-01,1,0.0,5,1,0,1,0,1,0.0
2029-12-02,1,0.0,6,2,0,1,0,2,0.0
2029-12-03,0,0.0,0,3,0,1,0,2,0.0
2029-12-04,0,0.0,1,4,0,1,0,2,0.0
2029-12-05,0,0.0,2,5,0,1,0,2,0.0
2029-12-06,0,0.0,3,6,0,1,0,2,0.0
2029-12-07,0,0.0,4,7,0,1,0,2,0.0
2029-12-08,1,0.0,5,8,0,1,0,2,0.0
2029-12-09,1,0.0,6,9,0,1,0,3,0.0
2029-12-10,0,0.0,0,10,0,1,0,3,0.0
2029-12-11,0,0.0,1,11,0,1,0,3,0.0
2029-12-12,0,0.0,2,12,0,1,0,3,0.0
2029-12-13,0,0.0,3,13,0,1,0,3,0.0
2029-12-14,0,0.0,4,14,0,1,0,3,0.0
2029-12-15,1,0.0,5,15,0,1,0,3,0.0
2029-12-16,1,0.0,6,16,0,1,0,4,0.0
2029-12-17,0,0.0,0,17,0,1,0,4,0.0
2029-12-18,0,0.0,1,18,0,1,0,4,0.0
2029-12-19,0,0.0,2,19,0,1,0,4,0.0
2029-12-20,0,0.0,3,20,0,1,0,4,0.0
2029-12-21,0,0.0,4,21,0,1,0,4,0.0
2029-12-22,1,0.0,5,22,0,1,0,4,0.0
2029-12-23,1,0.0,6,23,0,1,0,5,0.0
2029-12-24,0,0.0,0,24,0,1,0,5,0.0
2029-12-25,0,0.0,1,25,0,1,0,5,0.0
2029-12-26,0,0.0,2,26,1,1,0,5,0.0
2029-12-27,0,0.0,3,27,1,1,0,5,0.0
2029-12-28,0,0.0,4,28,1,1,0,5,0.0
2029-12-29,1,0.0,5,29,1,1,0,5,0.0
2029-12-30,1,0.0,6,30,1,1,0,6,0.0
2029-12-31,0,0.0,0,31,1,1,0,6,0.0
2030-01-01,0,0.0,1,1,0,0,0,1,0.0
2030-01-02,0,0.0,2,2,0,0,0,1,0.0
2030-01-03,0,0.0,3,3,0,0,0,1,0.0
2030-01-04,0,0.0,4,4,0,0,0,1,0.0
2030-01-05,1,0.0,5,5,0,0,0,1,0.0
2030-01-06,1,0.0,6,6,0,0,0,2,0.0
2030-01-07,0,0.0,0,7,0,0,0,2,0.0
2030-01-08,0,0.0,1,8,0,0,0,2,0.0
2030-01-09,0,0.0,2,9,0,0,0,2,0.0
2030-01-10,0,0.0,3,10,0,0,0,2,0.0
2030-01-11,0,0.0,4,11,0,0,0,2,0.0
2030-01-12,1,0.0,5,12,0,0,0,2,0.0
2030-01-13,1,0.0,6,13,0,0,0,3,0.0
2030-01-14,0,0.0,0,14,0,0,0,3,0.0
2030-01-15,0,0.0,1,15,0,0,0,3,0.0
2030-01-16,0,0.0,2,16,0,0,0,3,0.0
2030-01-17,0,0.0,3,17,0,0,0,3,0.0
2030-01-18,0,0.0,4,18,0,0,0,3,0.0
2030-01-19,1,0.0,5,19,0,0,0,3,0.0
2030-01-20,1,0.0,6,20,0,0,0,4,0.0
2030-01-21,0,0.0,0,21,0,0,0,4,0.0
2030-01-22,0,0.0,1,22,0,0,0,4,0.0
2030-01-23,0,0.0,2,23,0,0,0,4,0.0
2030-01-24,0,0.0,3,24,0,0,0,4,0.0
2030-01-25,0,0.0,4,25,0,0,0,4,0.0
2030-01-26,1,0.0,5,26,1,0,0,4,0.0
2030-01-27,1,0.0,6,27,1,0,0,5,0.0
2030-01-28,0,0.0,0,28,1,0,0,5,0.0
2030-01-29,0,0.0,1,29,1,0,0,5,0.0
2030-01-30,0,0.0,2,30,1,0,0,5,0.0
2030-01-31,0,0.0,3,31,1,0,0,5,0.0
2030-02-01,0,0.0,4,1,0,0,1,1,0.0
2030-02-02,1,0.0,5,2,0,0,1,1,0.0
2030-02-03,1,0.0,6,3,0,0,1,2,0.0
2030-02-04,0,0.0,0,4,0,0,1,2,0.0
2030-02-05,0,0.0,1,5,0,0,1,2,0.0
2030-02-06,0,0.0,2,6,0,0,1,2,0.0
2030-02-07,0,0.0,3,7,0,0,1,2,0.0
2030-02-08,0,0.0,4,8,0,0,1,2,0.0
2030-02-09,1,0.0,5,9,0,0,1,2,0.0
2030-02-10,1,0.0,6,10,0,0,1,3,0.0
2030-02-11,0,0.0,0,11,0,0,1,3,0.0
2030-02-12,0,0.0,1,12,0,0,1,3,0.0
2030-02-13,0,0.0,2,13,0,0,1,3,0.0
2030-02-14,0,0.0,3,14,0,0,1,3,0.0
2030-02-15,0,0.0,4,15,0,0,1,3,0.0
2030-02-16,1,0.0,5,16,0,0,1,3,0.0
2030-02-17,1,0.0,6,17,0,0,1,4,0.0
2030-02-18,0,0.0,0,18,0,0,1,4,0.0
2030-02-19,0,0.0,1,19,0,0,1,4,0.0
2030-02-20,0,0.0,2,20,0,0,1,4,0.0
2030-02-21,0,0.0,3,21,0,0,1,4,0.0
2030-02-22,0,0.0,4,22,0,0,1,4,0.0
2030-02-23,1,0.0,5,23,0,0,1,4,0.0
2030-02-24,1,0.0,6,24,0,0,1,5,0.0
2030-02-25,0,0.0,0,25,0,0,1,5,0.0
2030-02-26,0,0.0,1,26,1,0,1,5,0.0
2030-02-27,0,0.0,2,27,1,0,1,5,0.0
2030-02-28,0,0.0,3,28,1,0,1,5,0.0
2030-03-01,0,0.0,4,1,0,0,1,1,0.0
2030-03-02,1,0.0,5,2,0,0,1,1,0.0
2030-03-03,1,0.0,6,3,0,0,1,2,0.0
2030-03-04,0,0.0,0,4,0,0,1,2,0.0
2030-03-05,0,0.0,1,5,0,0,1,2,0.0
2030-03-06,0,0.0,2,6,0,0,1,2,0.0
2030-03-07,0,0.0,3,7,0,0,1,2,0.0
2030-03-08,0,0.0,4,8,0,0,1,2,0.0
2030-03-09,1,0.0,5,9,0,0,1,2,0.0
2030-03-10,1,0.0,6,10,0,0,1,3,0.0
2030-03-11,0,0.0,0,11,0,0,1,3,0.0
2030-03-12,0,0.0,1,12,0,0,1,3,0.0
2030-03-13,0,0.0,2,13,0,0,1,3,0.0
2030-03-14,0,0.0,3,14,0,0,1,3,0.0
2030-03-15,0,0.0,4,15,0,0,1,3,0.0
2030-03-16,1,0.0,5,16,0,0,1,3,0.0
2030-03-17,1,0.0,6,17,0,0,1,4,0.0
2030-03-18,0,0.0,0,18,0,0,1,4,0.0
2030-03-19,0,0.0,1,19,0,0,1,4,0.0
2030-03-20,0,0.0,2,20,0,0,1,4,0.0
2030-03-21,0,0.0,3,21,0,0,1,4,0.0
2030-03-22,0,0.0,4,22,0,0,1,4,0.0
2030-03-23,1,0.0,5,23,0,0,1,4,0.0
2030-03-24,1,0.0,6,24,0,0,1,5,0.0
2030-03-25,0,0.0,0,25,0,0,1,5,0.0
2030-03-26,0,0.0,1,26,1,0,1,5,0.0
2030-03-27,0,0.0,2,27,1,0,1,5,0.0
2030-03-28,0,0.0,3,28,1,0,1,5,0.0
2030-03-29,0,0.0,4,29,1,0,1,5,0.0
2030-03-30,1,0.0,5,30,1,0,1,5,0.0
2030-03-31,1,0.0,6,31,1,0,1,6,0.0
2030-04-01,0,0.0,0,1,0,0,0,1,0.0
2030-04-02,0,0.0,1,2,0,0,0,1,0.0
2030-04-03,0,0.0,2,3,0,0,0,1,0.0
2030-04-04,0,0.0,3,4,0,0,0,1,0.0
2030-04-05,0,0.0,4,5,0,0,0,1,0.0
2030-04-06,1,0.0,5,6,0,0,0,1,0.0
2030-04-07,1,0.0,6,7,0,0,0,2,0.0
2030-04-08,0,0.0,0,8,0,0,0,2,0.0
2030-04-09,0,0.0,1,9,0,0,0,2,0.0
2030-04-10,0,0.0,2,10,0,0,0,2,0.0
2030-04-11,0,0.0,3,11,0,0,0,2,0.0
2030-04-12,0,0.0,4,12,0,0,0,2,0.0
2030-04-13,1,0.0,5,13,0,0,0,2,0.0
2030-04-14,1,0.0,6,14,0,0,0,3,0.0
2030-04-15,0,0.0,0,15,0,0,0,3,0.0
2030-04-16,0,0.0,1,16,0,0,0,3,0.0
2030-04-17,0,0.0,2,17,0,0,0,3,0.0
2030-04-18,0,0.0,3,18,0,0,0,3,0.0
2030-04-19,0,0.0,4,19,0,0,0,3,0.0
2030-04-20,1,0.0,5,20,0,0,0,3,0.0
2030-04-21,1,0.0,6,21,0,0,0,4,0.0
2030-04-22,0,0.0,0,22,0,0,0,4,0.0
2030-04-23,0,0.0,1,23,0,0,0,4,0.0
2030-04-24,0,0.0,2,24,0,0,0,4,0.0
2030-04-25,0,0.0,3,25,0,0,0,4,0.0
2030-04-26,0,0.0,4,26,1,0,0,4,0.0
2030-04-27,1,0.0,5,27,1,0,0,4,0.0
2030-04-28,1,0.0,6,28,1,0,0,5,0.0
2030-04-29,0,0.0,0,29,1,0,0,5,0.0
2030-04-30,0,0.0,1,30,1,0,0,5,0.0
2030-05-01,0,0.0,2,1,0,0,0,1,0.0
2030-05-02,0,0.0,3,2,0,0,0,1,0.0
2030-05-03,0,0.0,4,3,0,0,0,1,0.0
2030-05-04,1,0.0,5,4,0,0,0,1,0.0
2030-05-05,1,0.0,6,5,0,0,0,2,0.0
2030-05-06,0,0.0,0,6,0,0,0,2,0.0
2030-05-07,0,0.0,1,7,0,0,0,2,0.0
2030-05-08,0,0.0,2,8,0,0,0,2,0.0
2030-05-09,0,0.0,3,9,0,0,0,2,0.0
2030-05-10,0,0.0,4,10,0,0,0,2,0.0
2030-05-11,1,0.0,5,11,0,0,0,2,0.0
2030-05-12,1,0.0,6,12,0,0,0,3,0.0
2030-05-13,0,0.0,0,13,0,0,0,3,0.0
2030-05-14,0,0.0,1,14,0,0,0,3,0.0
2030-05-15,0,0.0,2,15,0,0,0,3,0.0
2030-05-16,0,0.0,3,16,0,0,0,3,0.0
2030-05-17,0,0.0,4,17,0,0,0,3,0.0
2030-05-18,1,0.0,5,18,0,0,0,3,0.0
2030-05-19,1,0.0,6,19,0,0,0,4,0.0
2030-05-20,0,0.0,0,20,0,0,0,4,0.0
2030-05-21,0,0.0,1,21,0,0,0,4,0.0
2030-05-22,0,0.0,2,22,0,0,0,4,0.0
2030-05-23,0,0.0,3,23,0,0,0,4,0.0
2030-05-24,0,0.0,4,24,0,0,0,4,0.0
2030-05-25,1,0.0,5,25,0,0,0,4,0.0
2030-05-26,1,0.0,6,26,1,0,0,5,0.0
2030-05-27,0,0.0,0,27,1,0,0,5,0.0
2030-05-28,0,0.0,1,28,1,0,0,5,0.0
2030-05-29,0,0.0,2,29,1,0,0,5,0.0
2030-05-30,0,0.0,3,30,1,0,0,5,0.0
2030-05-31,0,0.0,4,31,1,0,0,5,0.0
2030-06-01,1,0.0,5,1,0,0,0,1,0.0
2030-06-02,1,0.0,6,2,0,0,0,2,0.0
2030-06-03,0,0.0,0,3,0,0,0,2,0.0
2030-06-04,0,0.0,1,4,0,0,0,2,0.0
2030-06-05,0,0.0,2,5,0,0,0,2,0.0
2030-06-06,0,0.0,3,6,0,0,0,2,0.0
2030-06-07,0,0.0,4,7,0,0,0,2,0.0
2030-06-08,1,0.0,5,8,0,0,0,2,0.0
2030-06-09,1,0.0,6,9,0,0,0,3,0.0
2030-06-10,0,0.0,0,10,0,0,0,3,0.0
2030-06-11,0,0.0,1,11,0,0,0,3,0.0
2030-06-12,0,0.0,2,12,0,0,0,3,0.0
2030-06-13,0,0.0,3,13,0,0,0,3,0.0
2030-06-14,0,0.0,4,14,0,0,0,3,0.0
2030-06-15,1,0.0,5,15,0,0,0,3,0.0
2030-06-16,1,0.0,6,16,0,0,0,4,0.0
2030-06-17,0,0.0,0,17,0,0,0,4,0.0
2030-06-18,0,0.0,1,18,0,0,0,4,0.0
2030-06-19,0,0.0,2,19,0,0,0,4,0.0
2030-06-20,0,0.0,3,20,0,0,0,4,0.0
2030-06-21,0,0.0,4,21,0,0,0,4,0.0
2030-06-22,1,0.0,5,22,0,0,0,4,0.0
2030-06-23,1,0.0,6,23,0,0,0,5,0.0
2030-06-24,0,0.0,0,24,0,0,0,5,0.0
