clinic_id,Date,Forecast,Forecast 95% Top,Forecast 95% Bot
1,2025-02-01,50,63,37
1,2025-02-02,41,55,27
1,2025-02-03,31,44,17
1,2025-02-04,31,44,17
1,2025-02-05,29,43,16
1,2025-02-06,30,43,16
1,2025-02-07,30,44,16
1,2025-02-08,49,63,35
1,2025-02-09,39,53,25
1,2025-02-10,33,47,19
1,2025-02-11,31,45,17
1,2025-02-12,30,44,16
1,2025-02-13,29,44,15
1,2025-02-14,29,44,15
1,2025-02-15,50,64,35
1,2025-02-16,41,55,27
1,2025-02-17,31,45,16
1,2025-02-18,31,45,17
1,2025-02-19,30,44,15
1,2025-02-20,30,44,16
1,2025-02-21,30,45,16
1,2025-02-22,50,64,35
1,2025-02-23,40,55,26
1,2025-02-24,30,44,15
1,2025-02-25,31,46,17
1,2025-02-26,30,45,15
1,2025-02-27,30,45,15
1,2025-02-28,30,45,15
2,2025-02-01,14,20,7
2,2025-02-02,11,18,5
2,2025-02-03,2,8,-4
2,2025-02-04,9,16,3
2,2025-02-05,10,17,4
2,2025-02-06,9,16,3
2,2025-02-07,1,7,-5
2,2025-02-08,13,19,6
2,2025-02-09,11,17,4
2,2025-02-10,13,20,7
2,2025-02-11,10,16,3
2,2025-02-12,1,7,-5
2,2025-02-13,9,16,3
2,2025-02-14,11,17,4
2,2025-02-15,13,19,6
2,2025-02-16,11,18,5
2,2025-02-17,1,8,-4
2,2025-02-18,10,16,3
2,2025-02-19,10,17,4
2,2025-02-20,0,6,-6
2,2025-02-21,10,17,4
2,2025-02-22,13,19,6
2,2025-02-23,11,18,4
2,2025-02-24,1,8,-4
2,2025-02-25,10,16,3
2,2025-02-26,11,17,4
2,2025-02-27,0,6,-6
2,2025-02-28,1,8,-5
3,2025-02-01,26,35,16
3,2025-02-02,21,30,11
3,2025-02-03,18,27,8
3,2025-02-04,18,27,8
3,2025-02-05,-1,7,-11
3,2025-02-06,-1,8,-10
3,2025-02-07,20,29,10
3,2025-02-08,27,36,17
3,2025-02-09,21,31,11
3,2025-02-10,22,32,13
3,2025-02-11,-1,8,-10
3,2025-02-12,17,27,8
3,2025-02-13,18,27,8
3,2025-02-14,0,10,-8
3,2025-02-15,27,36,17
3,2025-02-16,21,31,11
3,2025-02-17,18,27,8
3,2025-02-18,-1,8,-10
3,2025-02-19,17,27,8
3,2025-02-20,18,27,8
3,2025-02-21,0,10,-8
3,2025-02-22,27,37,17
3,2025-02-23,21,31,11
3,2025-02-24,18,27,8
3,2025-02-25,18,28,8
3,2025-02-26,-1,8,-11
3,2025-02-27,18,28,8
3,2025-02-28,20,30,10
4,2025-02-01,34,49,19
4,2025-02-02,26,42,11
4,2025-02-03,27,43,12
4,2025-02-04,25,40,9
4,2025-02-05,23,39,7
4,2025-02-06,22,38,7
4,2025-02-07,26,42,11
4,2025-02-08,33,49,17
4,2025-02-09,26,42,10
4,2025-02-10,28,44,11
4,2025-02-11,24,40,8
4,2025-02-12,22,38,6
4,2025-02-13,22,38,6
4,2025-02-14,25,42,9
4,2025-02-15,33,49,16
4,2025-02-16,26,42,9
4,2025-02-17,26,43,10
4,2025-02-18,24,41,7
4,2025-02-19,22,39,6
4,2025-02-20,22,38,5
4,2025-02-21,26,42,9
4,2025-02-22,32,49,16
4,2025-02-23,25,42,8
4,2025-02-24,26,43,9
4,2025-02-25,24,41,6
4,2025-02-26,22,39,5
4,2025-02-27,21,39,4
4,2025-02-28,25,42,8
5,2025-02-01,22,32,13
5,2025-02-02,23,33,13
5,2025-02-03,1,11,-8
5,2025-02-04,23,33,13
5,2025-02-05,23,33,13
5,2025-02-06,22,32,12
5,2025-02-07,0,9,-10
5,2025-02-08,23,33,13
5,2025-02-09,23,33,12
5,2025-02-10,25,36,15
5,2025-02-11,0,10,-9
5,2025-02-12,23,33,13
5,2025-02-13,22,32,11
5,2025-02-14,3,13,-7
5,2025-02-15,24,34,13
5,2025-02-16,23,34,13
5,2025-02-17,23,34,13
5,2025-02-18,23,33,12
5,2025-02-19,1,12,-8
5,2025-02-20,0,10,-10
5,2025-02-21,23,33,12
5,2025-02-22,23,34,13
5,2025-02-23,23,34,12
5,2025-02-24,1,12,-9
5,2025-02-25,23,33,12
5,2025-02-26,23,34,12
5,2025-02-27,0,11,-10
5,2025-02-28,24,35,13
6,2025-02-01,19,26,12
6,2025-02-02,13,21,6
6,2025-02-03,0,7,-6
6,2025-02-04,0,6,-8
6,2025-02-05,13,20,6
6,2025-02-06,11,18,4
6,2025-02-07,2,9,-5
6,2025-02-08,17,25,10
6,2025-02-09,13,20,6
6,2025-02-10,17,24,9
6,2025-02-11,14,21,6
6,2025-02-12,-1,6,-8
6,2025-02-13,11,19,4
6,2025-02-14,16,23,8
6,2025-02-15,19,26,11
6,2025-02-16,13,21,6
6,2025-02-17,0,8,-6
6,2025-02-18,13,20,5
6,2025-02-19,13,20,5
6,2025-02-20,11,19,3
6,2025-02-21,2,10,-5
6,2025-02-22,18,25,10
6,2025-02-23,13,21,5
6,2025-02-24,0,8,-7
6,2025-02-25,13,21,6
6,2025-02-26,12,20,5
6,2025-02-27,11,19,3
6,2025-02-28,2,10,-5
7,2025-02-01,17,26,7
7,2025-02-02,16,25,6
7,2025-02-03,13,23,4
7,2025-02-04,13,22,3
7,2025-02-05,13,23,3
7,2025-02-06,13,22,3
7,2025-02-07,14,24,4
7,2025-02-08,16,26,6
7,2025-02-09,15,25,6
7,2025-02-10,14,24,4
7,2025-02-11,-3,6,-13
7,2025-02-12,13,23,3
7,2025-02-13,13,23,3
7,2025-02-14,14,24,4
7,2025-02-15,16,26,6
7,2025-02-16,16,25,6
7,2025-02-17,13,23,3
7,2025-02-18,13,23,3
7,2025-02-19,13,23,3
7,2025-02-20,-3,6,-13
7,2025-02-21,14,24,4
7,2025-02-22,16,26,6
7,2025-02-23,15,26,5
7,2025-02-24,13,23,3
7,2025-02-25,13,23,2
7,2025-02-26,13,23,3
7,2025-02-27,13,23,3
7,2025-02-28,14,24,4
8,2025-02-01,36,47,25
8,2025-02-02,29,40,18
8,2025-02-03,23,34,12
8,2025-02-04,20,31,9
8,2025-02-05,22,33,11
8,2025-02-06,20,31,9
8,2025-02-07,21,32,10
8,2025-02-08,36,47,25
8,2025-02-09,29,40,17
8,2025-02-10,28,39,17
8,2025-02-11,20,31,9
8,2025-02-12,21,33,10
8,2025-02-13,20,32,9
8,2025-02-14,21,32,10
8,2025-02-15,37,48,25
8,2025-02-16,29,40,18
8,2025-02-17,23,35,12
8,2025-02-18,21,32,9
8,2025-02-19,22,33,10
8,2025-02-20,20,32,9
8,2025-02-21,21,33,10
8,2025-02-22,37,48,25
8,2025-02-23,29,40,17
8,2025-02-24,24,35,12
8,2025-02-25,20,32,9
8,2025-02-26,22,33,10
8,2025-02-27,20,32,9
8,2025-02-28,21,33,10
9,2025-02-01,38,54,22
9,2025-02-02,32,48,16
9,2025-02-03,24,40,8
9,2025-02-04,24,40,8
9,2025-02-05,23,40,7
9,2025-02-06,23,39,6
9,2025-02-07,24,41,8
9,2025-02-08,38,55,21
9,2025-02-09,32,49,15
9,2025-02-10,32,49,15
9,2025-02-11,24,41,7
9,2025-02-12,23,40,6
9,2025-02-13,22,39,5
9,2025-02-14,24,41,7
9,2025-02-15,37,55,20
9,2025-02-16,31,49,14
9,2025-02-17,24,42,6
9,2025-02-18,23,41,5
9,2025-02-19,23,41,4
9,2025-02-20,22,40,4
9,2025-02-21,24,42,6
9,2025-02-22,37,56,19
9,2025-02-23,31,50,12
9,2025-02-24,23,42,5
9,2025-02-25,23,42,4
9,2025-02-26,22,41,3
9,2025-02-27,21,41,2
9,2025-02-28,23,43,4
10,2025-02-01,0,7,-8
10,2025-02-02,0,8,-7
10,2025-02-03,1,9,-6
10,2025-02-04,0,8,-7
10,2025-02-05,0,8,-8
10,2025-02-06,0,7,-8
10,2025-02-07,0,9,-7
10,2025-02-08,0,8,-8
10,2025-02-09,0,9,-8
10,2025-02-10,2,11,-6
10,2025-02-11,0,9,-8
10,2025-02-12,0,8,-9
10,2025-02-13,0,8,-9
10,2025-02-14,1,10,-8
10,2025-02-15,0,9,-9
10,2025-02-16,0,10,-8
10,2025-02-17,1,11,-7
10,2025-02-18,0,10,-8
10,2025-02-19,0,9,-9
10,2025-02-20,0,9,-9
10,2025-02-21,1,11,-8
10,2025-02-22,0,10,-9
10,2025-02-23,0,11,-9
10,2025-02-24,2,12,-8
10,2025-02-25,1,11,-9
10,2025-02-26,0,10,-10
10,2025-02-27,0,10,-10
10,2025-02-28,1,12,-9
11,2025-02-01,66,79,53
11,2025-02-02,56,69,42
11,2025-02-03,44,58,31
11,2025-02-04,42,56,29
11,2025-02-05,42,55,28
11,2025-02-06,43,57,29
11,2025-02-07,44,58,31
11,2025-02-08,65,79,51
11,2025-02-09,54,68,40
11,2025-02-10,45,59,30
11,2025-02-11,43,57,29
11,2025-02-12,40,54,25
11,2025-02-13,41,55,27
11,2025-02-14,44,58,30
11,2025-02-15,67,82,53
11,2025-02-16,56,71,42
11,2025-02-17,45,59,30
11,2025-02-18,44,58,29
11,2025-02-19,41,56,26
11,2025-02-20,42,57,27
11,2025-02-21,45,60,30
11,2025-02-22,67,82,52
11,2025-02-23,56,71,41
11,2025-02-24,44,59,29
11,2025-02-25,44,59,29
11,2025-02-26,41,56,26
11,2025-02-27,42,57,27
11,2025-02-28,45,60,30
12,2025-02-01,14,21,7
12,2025-02-02,11,18,4
12,2025-02-03,10,17,3
12,2025-02-04,-1,5,-8
12,2025-02-05,10,17,3
12,2025-02-06,10,17,3
12,2025-02-07,-1,5,-8
12,2025-02-08,13,20,6
12,2025-02-09,10,17,3
12,2025-02-10,13,20,6
12,2025-02-11,-1,5,-8
12,2025-02-12,10,18,3
12,2025-02-13,10,17,2
12,2025-02-14,-1,5,-8
12,2025-02-15,13,20,6
12,2025-02-16,11,18,3
12,2025-02-17,10,17,2
12,2025-02-18,10,18,3
12,2025-02-19,-1,6,-8
12,2025-02-20,10,17,2
12,2025-02-21,11,19,4
12,2025-02-22,13,21,5
12,2025-02-23,10,18,2
12,2025-02-24,-2,5,-9
12,2025-02-25,-1,6,-9
12,2025-02-26,10,18,2
12,2025-02-27,10,18,2
12,2025-02-28,11,19,3
13,2025-02-01,29,39,19
13,2025-02-02,22,32,12
13,2025-02-03,21,30,11
13,2025-02-04,16,26,6
13,2025-02-05,18,28,8
13,2025-02-06,17,26,7
13,2025-02-07,22,32,12
13,2025-02-08,29,39,19
13,2025-02-09,22,32,12
13,2025-02-10,24,34,15
13,2025-02-11,16,26,7
13,2025-02-12,17,27,7
13,2025-02-13,16,26,6
13,2025-02-14,22,32,12
13,2025-02-15,29,39,19
13,2025-02-16,22,32,12
13,2025-02-17,21,31,11
13,2025-02-18,17,27,6
13,2025-02-19,17,27,7
13,2025-02-20,16,26,6
13,2025-02-21,22,32,12
13,2025-02-22,29,39,18
13,2025-02-23,22,32,12
13,2025-02-24,21,31,11
13,2025-02-25,16,27,6
13,2025-02-26,17,27,7
13,2025-02-27,16,27,6
13,2025-02-28,22,32,12
14,2025-02-01,0,5,-5
14,2025-02-02,0,5,-6
14,2025-02-03,0,5,-6
14,2025-02-04,0,5,-5
14,2025-02-05,0,5,-5
14,2025-02-06,0,6,-5
14,2025-02-07,0,5,-5
14,2025-02-08,0,5,-5
14,2025-02-09,0,5,-6
14,2025-02-10,2,8,-3
14,2025-02-11,0,6,-5
14,2025-02-12,0,5,-5
14,2025-02-13,0,6,-5
14,2025-02-14,0,6,-5
14,2025-02-15,0,5,-5
14,2025-02-16,0,5,-6
14,2025-02-17,0,5,-6
14,2025-02-18,0,6,-5
14,2025-02-19,0,5,-5
14,2025-02-20,0,6,-5
14,2025-02-21,0,6,-5
14,2025-02-22,0,5,-6
14,2025-02-23,0,5,-6
14,2025-02-24,0,5,-6
14,2025-02-25,0,6,-5
14,2025-02-26,0,5,-6
14,2025-02-27,0,6,-5
14,2025-02-28,0,6,-5
15,2025-02-01,17,25,9
15,2025-02-02,12,20,5
15,2025-02-03,0,6,-8
15,2025-02-04,12,20,4
15,2025-02-05,11,19,3
15,2025-02-06,10,18,2
15,2025-02-07,1,8,-6
15,2025-02-08,16,24,8
15,2025-02-09,12,20,5
15,2025-02-10,13,21,5
15,2025-02-11,12,20,4
15,2025-02-12,0,7,-8
15,2025-02-13,-1,6,-9
15,2025-02-14,13,21,5
15,2025-02-15,17,25,9
15,2025-02-16,12,20,4
15,2025-02-17,0,7,-8
15,2025-02-18,12,20,4
15,2025-02-19,11,19,3
15,2025-02-20,10,18,2
15,2025-02-21,1,9,-6
15,2025-02-22,16,25,8
15,2025-02-23,13,21,4
15,2025-02-24,11,19,3
15,2025-02-25,12,21,4
15,2025-02-26,0,7,-9
15,2025-02-27,-1,6,-10
15,2025-02-28,13,22,5
16,2025-02-01,32,42,22
16,2025-02-02,25,35,15
16,2025-02-03,22,32,12
16,2025-02-04,21,31,11
16,2025-02-05,23,33,12
16,2025-02-06,24,34,13
16,2025-02-07,25,35,15
16,2025-02-08,32,43,22
16,2025-02-09,26,36,15
16,2025-02-10,23,33,12
16,2025-02-11,22,32,11
16,2025-02-12,23,33,12
16,2025-02-13,24,34,13
16,2025-02-14,25,36,15
16,2025-02-15,33,43,22
16,2025-02-16,25,36,15
16,2025-02-17,22,33,12
16,2025-02-18,22,32,11
16,2025-02-19,23,34,12
16,2025-02-20,24,35,13
16,2025-02-21,26,37,15
16,2025-02-22,33,44,22
16,2025-02-23,26,37,15
16,2025-02-24,23,34,12
16,2025-02-25,22,33,11
16,2025-02-26,23,34,12
16,2025-02-27,24,35,13
16,2025-02-28,26,37,15
17,2025-02-01,27,37,17
17,2025-02-02,18,28,8
17,2025-02-03,0,10,-10
17,2025-02-04,18,29,8
17,2025-02-05,16,26,6
17,2025-02-06,16,26,6
17,2025-02-07,2,13,-7
17,2025-02-08,26,36,16
17,2025-02-09,18,28,7
17,2025-02-10,19,29,9
17,2025-02-11,0,11,-9
17,2025-02-12,16,27,6
17,2025-02-13,16,27,6
17,2025-02-14,3,13,-7
17,2025-02-15,27,37,17
17,2025-02-16,18,28,7
17,2025-02-17,17,28,7
17,2025-02-18,18,29,8
17,2025-02-19,-1,8,-12
17,2025-02-20,-1,9,-11
17,2025-02-21,21,31,10
17,2025-02-22,26,37,16
17,2025-02-23,18,28,7
17,2025-02-24,0,10,-11
17,2025-02-25,18,29,8
17,2025-02-26,16,27,5
17,2025-02-27,16,27,6
17,2025-02-28,3,13,-7
18,2025-02-01,41,54,29
18,2025-02-02,35,47,22
18,2025-02-03,26,39,13
18,2025-02-04,22,35,10
18,2025-02-05,23,35,10
18,2025-02-06,23,36,10
18,2025-02-07,30,42,17
18,2025-02-08,40,53,27
18,2025-02-09,34,47,21
18,2025-02-10,32,45,19
18,2025-02-11,22,35,9
18,2025-02-12,23,36,10
18,2025-02-13,23,36,10
18,2025-02-14,29,42,16
18,2025-02-15,41,54,27
18,2025-02-16,35,48,21
18,2025-02-17,26,39,13
18,2025-02-18,22,35,9
18,2025-02-19,23,36,9
18,2025-02-20,23,36,10
18,2025-02-21,30,43,16
18,2025-02-22,40,54,27
18,2025-02-23,34,48,20
18,2025-02-24,26,39,12
18,2025-02-25,22,36,8
18,2025-02-26,23,36,9
18,2025-02-27,23,37,9
18,2025-02-28,29,43,15
19,2025-02-01,23,32,14
19,2025-02-02,18,27,9
19,2025-02-03,0,8,-9
19,2025-02-04,13,22,4
19,2025-02-05,14,23,5
19,2025-02-06,0,8,-10
19,2025-02-07,0,9,-9
19,2025-02-08,23,32,14
19,2025-02-09,17,27,8
19,2025-02-10,16,26,7
19,2025-02-11,12,22,3
19,2025-02-12,-1,7,-11
19,2025-02-13,13,22,4
19,2025-02-14,16,25,6
19,2025-02-15,23,33,14
19,2025-02-16,17,27,8
19,2025-02-17,0,8,-10
19,2025-02-18,13,23,4
19,2025-02-19,14,23,5
19,2025-02-20,14,23,5
19,2025-02-21,0,9,-9
19,2025-02-22,23,33,13
19,2025-02-23,17,27,8
19,2025-02-24,15,24,5
19,2025-02-25,-2,7,-12
19,2025-02-26,13,23,4
19,2025-02-27,13,23,3
19,2025-02-28,16,25,6
20,2025-02-01,21,31,11
20,2025-02-02,14,24,4
20,2025-02-03,12,22,2
20,2025-02-04,12,22,1
20,2025-02-05,11,21,1
20,2025-02-06,11,22,1
20,2025-02-07,13,23,3
20,2025-02-08,21,31,10
20,2025-02-09,14,24,4
20,2025-02-10,16,27,6
20,2025-02-11,11,22,1
20,2025-02-12,11,22,1
20,2025-02-13,11,22,1
20,2025-02-14,13,23,2
20,2025-02-15,21,31,10
20,2025-02-16,14,25,3
20,2025-02-17,12,23,1
20,2025-02-18,11,22,1
20,2025-02-19,11,22,0
20,2025-02-20,11,22,1
20,2025-02-21,13,24,2
20,2025-02-22,21,32,10
20,2025-02-23,14,25,3
20,2025-02-24,12,23,1
20,2025-02-25,11,22,0
20,2025-02-26,11,22,0
20,2025-02-27,11,22,0
20,2025-02-28,13,24,2
21,2025-02-01,14,21,7
21,2025-02-02,13,20,6
21,2025-02-03,14,21,6
21,2025-02-04,2,9,-5
21,2025-02-05,11,18,4
21,2025-02-06,12,19,5
21,2025-02-07,1,9,-5
21,2025-02-08,13,21,6
21,2025-02-09,13,20,6
21,2025-02-10,15,23,8
21,2025-02-11,13,20,5
21,2025-02-12,0,7,-7
21,2025-02-13,12,19,4
21,2025-02-14,13,20,5
21,2025-02-15,14,21,6
21,2025-02-16,13,21,5
21,2025-02-17,3,10,-4
21,2025-02-18,13,21,5
21,2025-02-19,11,19,3
21,2025-02-20,1,8,-6
21,2025-02-21,13,20,5
21,2025-02-22,13,21,6
21,2025-02-23,13,21,5
21,2025-02-24,13,21,6
21,2025-02-25,2,10,-5
21,2025-02-26,0,7,-8
21,2025-02-27,12,20,4
21,2025-02-28,1,9,-6
22,2025-02-01,35,47,24
22,2025-02-02,29,40,17
22,2025-02-03,2,14,-8
22,2025-02-04,27,39,16
22,2025-02-05,27,39,16
22,2025-02-06,3,15,-7
22,2025-02-07,29,40,17
22,2025-02-08,36,47,24
22,2025-02-09,29,40,17
22,2025-02-10,30,41,18
22,2025-02-11,1,13,-9
22,2025-02-12,28,39,16
22,2025-02-13,29,41,18
22,2025-02-14,3,14,-8
22,2025-02-15,36,48,24
22,2025-02-16,29,41,17
22,2025-02-17,29,41,17
22,2025-02-18,27,39,16
22,2025-02-19,2,13,-9
22,2025-02-20,3,15,-7
22,2025-02-21,29,41,17
22,2025-02-22,36,48,24
22,2025-02-23,29,41,17
22,2025-02-24,3,15,-8
22,2025-02-25,28,40,15
22,2025-02-26,28,40,16
22,2025-02-27,30,42,18
22,2025-02-28,3,15,-8
23,2025-02-01,30,42,18
23,2025-02-02,26,39,14
23,2025-02-03,21,33,9
23,2025-02-04,22,34,10
23,2025-02-05,21,33,8
23,2025-02-06,18,30,6
23,2025-02-07,21,33,8
23,2025-02-08,30,43,18
23,2025-02-09,27,39,14
23,2025-02-10,21,34,9
23,2025-02-11,22,35,10
23,2025-02-12,21,34,8
23,2025-02-13,18,31,5
23,2025-02-14,21,33,8
23,2025-02-15,30,43,18
23,2025-02-16,27,40,14
23,2025-02-17,21,34,8
23,2025-02-18,22,35,9
23,2025-02-19,21,34,8
23,2025-02-20,18,31,5
23,2025-02-21,21,34,8
23,2025-02-22,31,44,17
23,2025-02-23,27,40,14
23,2025-02-24,21,35,8
23,2025-02-25,23,36,9
23,2025-02-26,21,35,8
23,2025-02-27,18,32,5
23,2025-02-28,21,35,7
24,2025-02-01,18,29,6
24,2025-02-02,18,29,6
24,2025-02-03,16,28,5
24,2025-02-04,17,29,5
24,2025-02-05,-4,7,-15
24,2025-02-06,-2,9,-13
24,2025-02-07,16,28,5
24,2025-02-08,18,30,6
24,2025-02-09,18,29,6
24,2025-02-10,18,30,7
24,2025-02-11,-1,9,-13
24,2025-02-12,15,26,3
24,2025-02-13,17,28,5
24,2025-02-14,-2,9,-14
24,2025-02-15,18,30,6
24,2025-02-16,18,30,6
24,2025-02-17,16,28,4
24,2025-02-18,-1,10,-13
24,2025-02-19,15,27,3
24,2025-02-20,17,29,5
24,2025-02-21,-2,9,-14
24,2025-02-22,18,30,6
24,2025-02-23,18,30,6
24,2025-02-24,16,28,4
24,2025-02-25,17,29,5
24,2025-02-26,-4,8,-16
24,2025-02-27,17,29,5
24,2025-02-28,16,29,4
25,2025-02-01,19,27,11
25,2025-02-02,15,23,6
25,2025-02-03,0,7,-8
25,2025-02-04,13,21,5
25,2025-02-05,15,23,7
25,2025-02-06,13,21,5
25,2025-02-07,4,12,-3
25,2025-02-08,20,28,11
25,2025-02-09,14,23,6
25,2025-02-10,15,23,7
25,2025-02-11,0,8,-8
25,2025-02-12,15,23,7
25,2025-02-13,13,21,5
25,2025-02-14,3,12,-4
25,2025-02-15,20,28,11
25,2025-02-16,14,23,6
25,2025-02-17,13,21,4
25,2025-02-18,13,22,5
25,2025-02-19,1,9,-7
25,2025-02-20,13,22,5
25,2025-02-21,18,26,9
25,2025-02-22,20,28,11
25,2025-02-23,15,23,6
25,2025-02-24,0,7,-9
25,2025-02-25,0,8,-8
25,2025-02-26,15,23,6
25,2025-02-27,13,22,5
25,2025-02-28,3,12,-4
26,2025-02-01,23,34,12
26,2025-02-02,16,28,5
26,2025-02-03,17,29,6
26,2025-02-04,19,30,7
26,2025-02-05,16,27,4
26,2025-02-06,15,26,3
26,2025-02-07,19,30,8
26,2025-02-08,23,34,11
26,2025-02-09,16,28,5
26,2025-02-10,19,30,7
26,2025-02-11,18,30,7
26,2025-02-12,15,27,4
26,2025-02-13,14,26,3
26,2025-02-14,19,30,7
26,2025-02-15,23,34,11
26,2025-02-16,16,28,4
26,2025-02-17,17,29,5
26,2025-02-18,18,30,7
26,2025-02-19,15,27,3
26,2025-02-20,14,26,2
26,2025-02-21,19,31,7
26,2025-02-22,22,34,10
26,2025-02-23,15,27,3
26,2025-02-24,17,29,5
26,2025-02-25,18,30,6
26,2025-02-26,15,27,3
26,2025-02-27,14,26,1
26,2025-02-28,19,31,7
27,2025-02-01,33,46,19
27,2025-02-02,27,41,13
27,2025-02-03,27,40,13
27,2025-02-04,22,36,8
27,2025-02-05,24,38,10
27,2025-02-06,23,37,9
27,2025-02-07,26,40,12
27,2025-02-08,33,47,18
27,2025-02-09,26,41,12
27,2025-02-10,31,46,17
27,2025-02-11,22,37,8
27,2025-02-12,23,38,9
27,2025-02-13,23,38,8
27,2025-02-14,26,40,11
27,2025-02-15,33,48,18
27,2025-02-16,27,42,12
27,2025-02-17,27,42,12
27,2025-02-18,22,38,7
27,2025-02-19,24,39,9
27,2025-02-20,24,39,8
27,2025-02-21,26,42,11
27,2025-02-22,33,49,17
27,2025-02-23,27,43,11
27,2025-02-24,27,43,11
27,2025-02-25,23,38,7
27,2025-02-26,24,40,8
27,2025-02-27,23,39,7
27,2025-02-28,26,42,10
28,2025-02-01,49,62,37
28,2025-02-02,41,54,28
28,2025-02-03,31,44,18
28,2025-02-04,29,42,16
28,2025-02-05,34,47,21
28,2025-02-06,32,45,19
28,2025-02-07,32,45,19
28,2025-02-08,51,64,38
28,2025-02-09,42,55,29
28,2025-02-10,35,48,22
28,2025-02-11,30,43,17
28,2025-02-12,34,47,21
28,2025-02-13,32,45,18
28,2025-02-14,33,46,20
28,2025-02-15,50,64,37
28,2025-02-16,41,55,28
28,2025-02-17,32,45,18
28,2025-02-18,30,43,16
28,2025-02-19,34,48,21
28,2025-02-20,32,46,19
28,2025-02-21,32,46,19
28,2025-02-22,52,66,38
28,2025-02-23,43,57,29
28,2025-02-24,33,46,19
28,2025-02-25,31,45,17
28,2025-02-26,34,48,21
28,2025-02-27,32,46,18
28,2025-02-28,34,48,20
29,2025-02-01,27,40,14
29,2025-02-02,23,35,10
29,2025-02-03,19,32,6
29,2025-02-04,18,31,5
29,2025-02-05,22,34,9
29,2025-02-06,18,31,5
29,2025-02-07,-3,9,-16
29,2025-02-08,26,39,14
29,2025-02-09,23,36,10
29,2025-02-10,21,34,9
29,2025-02-11,18,31,5
29,2025-02-12,22,35,9
29,2025-02-13,18,31,5
29,2025-02-14,20,32,7
29,2025-02-15,27,40,14
29,2025-02-16,23,35,10
29,2025-02-17,-4,8,-17
29,2025-02-18,18,31,5
29,2025-02-19,22,35,9
29,2025-02-20,18,31,5
29,2025-02-21,20,33,7
29,2025-02-22,26,39,13
29,2025-02-23,23,36,10
29,2025-02-24,19,32,6
29,2025-02-25,18,31,5
29,2025-02-26,22,35,9
29,2025-02-27,18,31,5
29,2025-02-28,20,33,7
30,2025-02-01,12,19,5
30,2025-02-02,10,17,3
30,2025-02-03,-1,5,-8
30,2025-02-04,10,17,3
30,2025-02-05,9,16,2
30,2025-02-06,9,16,2
30,2025-02-07,0,7,-6
30,2025-02-08,12,19,5
30,2025-02-09,10,17,3
30,2025-02-10,12,19,5
30,2025-02-11,-1,6,-8
30,2025-02-12,9,16,2
30,2025-02-13,9,16,2
30,2025-02-14,0,7,-6
30,2025-02-15,12,19,5
30,2025-02-16,10,17,3
30,2025-02-17,10,17,3
30,2025-02-18,-1,6,-8
30,2025-02-19,9,17,2
30,2025-02-20,9,16,2
30,2025-02-21,0,7,-6
30,2025-02-22,12,19,5
30,2025-02-23,10,17,3
30,2025-02-24,10,17,3
30,2025-02-25,-1,6,-8
30,2025-02-26,9,17,2
30,2025-02-27,9,16,1
30,2025-02-28,12,19,5
31,2025-02-01,20,28,13
31,2025-02-02,17,25,10
31,2025-02-03,18,25,10
31,2025-02-04,18,25,10
31,2025-02-05,17,24,10
31,2025-02-06,3,10,-4
31,2025-02-07,16,23,8
31,2025-02-08,21,28,13
31,2025-02-09,18,25,10
31,2025-02-10,20,27,12
31,2025-02-11,3,10,-4
31,2025-02-12,17,25,10
31,2025-02-13,18,25,10
31,2025-02-14,1,8,-6
31,2025-02-15,21,28,13
31,2025-02-16,17,25,10
31,2025-02-17,18,26,11
31,2025-02-18,18,25,10
31,2025-02-19,2,10,-4
31,2025-02-20,3,10,-4
31,2025-02-21,1,8,-6
31,2025-02-22,21,29,14
31,2025-02-23,18,25,10
31,2025-02-24,19,26,11
31,2025-02-25,3,10,-4
31,2025-02-26,18,25,10
31,2025-02-27,18,26,10
31,2025-02-28,16,24,9
32,2025-02-01,20,29,12
32,2025-02-02,16,25,8
32,2025-02-03,18,26,9
32,2025-02-04,20,29,12
32,2025-02-05,2,10,-6
32,2025-02-06,0,8,-8
32,2025-02-07,0,9,-7
32,2025-02-08,21,30,12
32,2025-02-09,16,25,8
32,2025-02-10,18,26,9
32,2025-02-11,21,29,12
32,2025-02-12,2,11,-6
32,2025-02-13,17,25,8
32,2025-02-14,17,26,8
32,2025-02-15,21,30,12
32,2025-02-16,16,25,7
32,2025-02-17,1,10,-7
32,2025-02-18,21,29,12
32,2025-02-19,19,28,10
32,2025-02-20,17,25,8
32,2025-02-21,0,9,-7
32,2025-02-22,21,30,12
32,2025-02-23,16,25,7
32,2025-02-24,18,27,9
32,2025-02-25,21,30,12
32,2025-02-26,2,11,-6
32,2025-02-27,17,26,8
32,2025-02-28,17,26,8
33,2025-02-01,0,6,-5
33,2025-02-02,0,5,-5
33,2025-02-03,0,5,-6
33,2025-02-04,0,6,-5
33,2025-02-05,0,5,-6
33,2025-02-06,0,5,-6
33,2025-02-07,0,5,-6
33,2025-02-08,0,6,-5
33,2025-02-09,0,6,-5
33,2025-02-10,1,7,-4
33,2025-02-11,0,6,-5
33,2025-02-12,0,5,-6
33,2025-02-13,0,6,-6
33,2025-02-14,0,5,-6
33,2025-02-15,0,6,-5
33,2025-02-16,0,6,-6
33,2025-02-17,0,6,-6
33,2025-02-18,0,6,-5
33,2025-02-19,0,5,-6
33,2025-02-20,0,6,-6
33,2025-02-21,0,6,-6
33,2025-02-22,0,6,-5
33,2025-02-23,0,6,-6
33,2025-02-24,0,6,-6
33,2025-02-25,0,6,-6
33,2025-02-26,0,6,-6
33,2025-02-27,0,6,-6
33,2025-02-28,0,6,-6
34,2025-02-01,19,28,10
34,2025-02-02,15,24,7
34,2025-02-03,1,10,-7
34,2025-02-04,15,24,6
34,2025-02-05,15,24,6
34,2025-02-06,15,24,6
34,2025-02-07,3,12,-5
34,2025-02-08,20,29,11
34,2025-02-09,15,24,6
34,2025-02-10,13,22,4
34,2025-02-11,15,24,6
34,2025-02-12,14,23,5
34,2025-02-13,2,12,-6
34,2025-02-14,4,13,-4
34,2025-02-15,20,29,10
34,2025-02-16,16,25,6
34,2025-02-17,14,23,5
34,2025-02-18,3,12,-5
34,2025-02-19,2,12,-6
34,2025-02-20,15,25,6
34,2025-02-21,17,26,8
34,2025-02-22,20,30,11
34,2025-02-23,15,25,6
34,2025-02-24,2,11,-7
34,2025-02-25,16,25,6
34,2025-02-26,15,24,5
34,2025-02-27,3,12,-6
34,2025-02-28,17,27,8
35,2025-02-01,68,89,47
35,2025-02-02,51,72,29
35,2025-02-03,42,64,20
35,2025-02-04,42,64,20
35,2025-02-05,36,58,14
35,2025-02-06,39,61,16
35,2025-02-07,40,63,18
35,2025-02-08,68,90,45
35,2025-02-09,51,74,28
35,2025-02-10,55,79,32
35,2025-02-11,42,66,19
35,2025-02-12,35,59,12
35,2025-02-13,39,63,15
35,2025-02-14,41,65,16
35,2025-02-15,68,93,44
35,2025-02-16,51,76,26
35,2025-02-17,43,68,18
35,2025-02-18,43,68,18
35,2025-02-19,36,61,10
35,2025-02-20,39,65,13
35,2025-02-21,41,67,15
35,2025-02-22,69,95,42
35,2025-02-23,52,78,25
35,2025-02-24,44,70,17
35,2025-02-25,43,70,16
35,2025-02-26,36,63,9
35,2025-02-27,39,67,12
35,2025-02-28,41,69,14
36,2025-02-01,15,25,6
36,2025-02-02,13,23,3
36,2025-02-03,13,23,3
36,2025-02-04,-3,6,-13
36,2025-02-05,13,23,2
36,2025-02-06,13,23,3
36,2025-02-07,-2,7,-12
36,2025-02-08,15,25,5
36,2025-02-09,13,23,3
36,2025-02-10,14,24,4
36,2025-02-11,13,23,2
36,2025-02-12,-3,6,-14
36,2025-02-13,13,23,2
36,2025-02-14,14,24,3
36,2025-02-15,15,26,4
36,2025-02-16,13,24,2
36,2025-02-17,-3,7,-14
36,2025-02-18,13,24,2
36,2025-02-19,13,23,2
36,2025-02-20,13,24,2
36,2025-02-21,-2,8,-13
36,2025-02-22,15,26,4
36,2025-02-23,13,24,2
36,2025-02-24,13,24,2
36,2025-02-25,13,24,1
36,2025-02-26,-3,7,-15
36,2025-02-27,-3,7,-15
36,2025-02-28,14,25,2
37,2025-02-01,40,53,27
37,2025-02-02,30,43,17
37,2025-02-03,30,43,17
37,2025-02-04,25,38,12
37,2025-02-05,28,41,15
37,2025-02-06,28,41,15
37,2025-02-07,27,40,14
37,2025-02-08,38,51,25
37,2025-02-09,31,44,17
37,2025-02-10,33,46,19
37,2025-02-11,26,39,12
37,2025-02-12,27,41,13
37,2025-02-13,28,42,14
37,2025-02-14,27,40,13
37,2025-02-15,40,54,26
37,2025-02-16,30,44,16
37,2025-02-17,31,45,17
37,2025-02-18,25,40,11
37,2025-02-19,28,42,14
37,2025-02-20,28,43,14
37,2025-02-21,28,42,13
37,2025-02-22,39,54,24
37,2025-02-23,31,46,17
37,2025-02-24,31,46,17
37,2025-02-25,26,41,11
37,2025-02-26,28,43,13
37,2025-02-27,29,44,14
37,2025-02-28,27,42,12
38,2025-02-01,38,51,25
38,2025-02-02,34,48,21
38,2025-02-03,28,42,15
38,2025-02-04,25,38,11
38,2025-02-05,24,37,11
38,2025-02-06,25,39,12
38,2025-02-07,24,38,11
38,2025-02-08,37,51,24
38,2025-02-09,35,49,22
38,2025-02-10,32,45,18
38,2025-02-11,24,38,10
38,2025-02-12,25,39,11
38,2025-02-13,25,39,11
38,2025-02-14,24,39,10
38,2025-02-15,38,52,24
38,2025-02-16,35,49,21
38,2025-02-17,29,43,14
38,2025-02-18,25,39,10
38,2025-02-19,24,38,10
38,2025-02-20,25,40,11
38,2025-02-21,25,39,10
38,2025-02-22,38,52,23
38,2025-02-23,36,50,21
38,2025-02-24,29,44,15
38,2025-02-25,24,39,10
38,2025-02-26,25,40,10
38,2025-02-27,25,40,11
38,2025-02-28,25,39,10
39,2025-02-01,33,45,22
39,2025-02-02,26,38,14
39,2025-02-03,20,32,9
39,2025-02-04,21,33,9
39,2025-02-05,21,33,9
39,2025-02-06,20,32,8
39,2025-02-07,19,31,8
39,2025-02-08,33,45,21
39,2025-02-09,26,38,14
39,2025-02-10,26,38,14
39,2025-02-11,20,33,8
39,2025-02-12,21,33,9
39,2025-02-13,21,33,8
39,2025-02-14,21,34,9
39,2025-02-15,32,45,20
39,2025-02-16,27,39,14
39,2025-02-17,21,33,8
39,2025-02-18,21,34,9
39,2025-02-19,21,34,9
39,2025-02-20,20,33,8
39,2025-02-21,20,33,8
39,2025-02-22,33,46,21
39,2025-02-23,27,40,14
39,2025-02-24,21,34,9
39,2025-02-25,21,34,8
39,2025-02-26,21,34,9
39,2025-02-27,21,34,8
39,2025-02-28,21,34,9
40,2025-02-01,30,44,17
40,2025-02-02,28,41,14
40,2025-02-03,22,36,8
40,2025-02-04,20,34,6
40,2025-02-05,21,35,7
40,2025-02-06,18,32,4
40,2025-02-07,22,36,8
40,2025-02-08,30,44,16
40,2025-02-09,26,40,12
40,2025-02-10,22,37,8
40,2025-02-11,20,35,6
40,2025-02-12,21,35,7
40,2025-02-13,19,33,4
40,2025-02-14,21,36,7
40,2025-02-15,30,45,16
40,2025-02-16,27,42,13
40,2025-02-17,21,36,7
40,2025-02-18,20,35,6
40,2025-02-19,21,36,7
40,2025-02-20,18,32,3
40,2025-02-21,22,37,8
40,2025-02-22,30,45,15
40,2025-02-23,26,41,11
40,2025-02-24,20,35,5
40,2025-02-25,20,35,5
40,2025-02-26,21,36,5
40,2025-02-27,18,33,3
40,2025-02-28,21,36,6
41,2025-02-01,34,44,24
41,2025-02-02,27,37,17
41,2025-02-03,23,33,12
41,2025-02-04,20,31,10
41,2025-02-05,21,31,11
41,2025-02-06,21,31,10
41,2025-02-07,24,34,13
41,2025-02-08,34,45,24
41,2025-02-09,27,38,17
41,2025-02-10,28,38,17
41,2025-02-11,21,31,10
41,2025-02-12,21,32,10
41,2025-02-13,21,32,10
41,2025-02-14,24,35,13
41,2025-02-15,34,45,24
41,2025-02-16,27,38,16
41,2025-02-17,23,34,12
41,2025-02-18,21,32,10
41,2025-02-19,21,33,10
41,2025-02-20,21,33,10
41,2025-02-21,24,35,13
41,2025-02-22,35,46,23
41,2025-02-23,28,39,16
41,2025-02-24,23,35,12
41,2025-02-25,21,33,9
41,2025-02-26,22,33,10
41,2025-02-27,22,33,10
41,2025-02-28,24,36,13
42,2025-02-01,28,38,17
42,2025-02-02,25,36,14
42,2025-02-03,2,13,-8
42,2025-02-04,22,33,11
42,2025-02-05,23,34,12
42,2025-02-06,21,32,10
42,2025-02-07,1,12,-10
42,2025-02-08,28,39,17
42,2025-02-09,24,35,13
42,2025-02-10,24,35,13
42,2025-02-11,1,12,-9
42,2025-02-12,23,35,12
42,2025-02-13,21,32,9
42,2025-02-14,1,12,-10
42,2025-02-15,28,39,16
42,2025-02-16,25,36,13
42,2025-02-17,24,35,12
42,2025-02-18,22,34,11
42,2025-02-19,3,14,-8
42,2025-02-20,1,12,-10
42,2025-02-21,22,33,10
42,2025-02-22,28,40,16
42,2025-02-23,24,36,13
42,2025-02-24,2,14,-9
42,2025-02-25,22,34,10
42,2025-02-26,24,35,12
42,2025-02-27,21,33,9
42,2025-02-28,1,13,-10
43,2025-02-01,18,27,10
43,2025-02-02,16,25,8
43,2025-02-03,16,24,7
43,2025-02-04,0,8,-8
43,2025-02-05,16,25,8
43,2025-02-06,14,23,6
43,2025-02-07,1,9,-7
43,2025-02-08,18,27,10
43,2025-02-09,16,25,8
43,2025-02-10,17,26,8
43,2025-02-11,16,24,7
43,2025-02-12,0,9,-8
43,2025-02-13,-1,7,-9
43,2025-02-14,17,26,8
43,2025-02-15,18,27,10
43,2025-02-16,16,25,8
43,2025-02-17,0,8,-8
43,2025-02-18,16,24,7
43,2025-02-19,16,25,8
43,2025-02-20,15,23,6
43,2025-02-21,1,9,-7
43,2025-02-22,19,27,10
43,2025-02-23,16,25,8
43,2025-02-24,16,25,7
43,2025-02-25,16,24,7
43,2025-02-26,0,9,-8
43,2025-02-27,15,23,6
43,2025-02-28,17,26,8
44,2025-02-01,47,60,35
44,2025-02-02,39,52,26
44,2025-02-03,34,47,21
44,2025-02-04,30,42,17
44,2025-02-05,33,46,20
44,2025-02-06,30,42,17
44,2025-02-07,32,45,19
44,2025-02-08,46,59,33
44,2025-02-09,39,52,26
44,2025-02-10,38,51,25
44,2025-02-11,29,42,16
44,2025-02-12,33,46,20
44,2025-02-13,30,43,17
44,2025-02-14,31,45,18
44,2025-02-15,47,60,33
44,2025-02-16,39,52,26
44,2025-02-17,34,48,21
44,2025-02-18,29,43,16
44,2025-02-19,33,46,20
44,2025-02-20,30,43,16
44,2025-02-21,32,45,18
44,2025-02-22,47,60,33
44,2025-02-23,39,52,26
44,2025-02-24,34,48,21
44,2025-02-25,29,43,16
44,2025-02-26,33,46,19
44,2025-02-27,30,43,16
44,2025-02-28,32,45,18
45,2025-02-01,25,35,15
45,2025-02-02,25,35,14
45,2025-02-03,20,30,9
45,2025-02-04,21,31,10
45,2025-02-05,1,11,-9
45,2025-02-06,1,12,-8
45,2025-02-07,20,31,9
45,2025-02-08,26,37,15
45,2025-02-09,25,36,14
45,2025-02-10,20,30,9
45,2025-02-11,2,12,-8
45,2025-02-12,20,30,9
45,2025-02-13,20,31,9
45,2025-02-14,1,12,-9
45,2025-02-15,25,36,14
45,2025-02-16,25,36,14
45,2025-02-17,20,31,9
45,2025-02-18,21,32,10
45,2025-02-19,1,12,-10
45,2025-02-20,20,32,9
45,2025-02-21,20,31,9
45,2025-02-22,26,37,14
45,2025-02-23,25,37,14
45,2025-02-24,1,13,-10
45,2025-02-25,21,32,9
45,2025-02-26,20,31,8
45,2025-02-27,1,13,-9
45,2025-02-28,20,32,8
46,2025-02-01,25,35,15
46,2025-02-02,19,29,9
46,2025-02-03,-2,7,-12
46,2025-02-04,14,24,4
46,2025-02-05,14,24,5
46,2025-02-06,-3,5,-13
46,2025-02-07,14,24,5
46,2025-02-08,24,34,14
46,2025-02-09,19,29,9
46,2025-02-10,21,31,11
46,2025-02-11,-2,7,-12
46,2025-02-12,14,24,4
46,2025-02-13,13,23,3
46,2025-02-14,-2,7,-12
46,2025-02-15,25,35,15
46,2025-02-16,19,29,9
46,2025-02-17,-2,7,-12
46,2025-02-18,14,24,4
46,2025-02-19,14,24,4
46,2025-02-20,13,23,3
46,2025-02-21,-2,7,-12
46,2025-02-22,24,35,14
46,2025-02-23,18,29,8
46,2025-02-24,15,25,4
46,2025-02-25,14,24,4
46,2025-02-26,-3,6,-13
46,2025-02-27,13,23,2
46,2025-02-28,15,25,4
47,2025-02-01,20,31,9
47,2025-02-02,17,28,6
47,2025-02-03,15,26,5
47,2025-02-04,12,23,2
47,2025-02-05,12,23,1
47,2025-02-06,15,26,4
47,2025-02-07,12,23,2
47,2025-02-08,20,31,9
47,2025-02-09,16,27,5
47,2025-02-10,17,29,6
47,2025-02-11,11,23,0
47,2025-02-12,11,23,0
47,2025-02-13,15,26,3
47,2025-02-14,11,23,0
47,2025-02-15,19,31,7
47,2025-02-16,15,27,3
47,2025-02-17,14,26,2
47,2025-02-18,11,23,-1
47,2025-02-19,11,23,-1
47,2025-02-20,14,26,2
47,2025-02-21,11,23,-1
47,2025-02-22,18,31,6
47,2025-02-23,15,28,2
47,2025-02-24,13,26,0
47,2025-02-25,10,23,-2
47,2025-02-26,10,23,-2
47,2025-02-27,13,26,0
47,2025-02-28,10,23,-2
48,2025-02-01,25,34,15
48,2025-02-02,20,30,11
48,2025-02-03,19,29,10
48,2025-02-04,19,29,10
48,2025-02-05,21,30,11
48,2025-02-06,20,30,10
48,2025-02-07,17,26,7
48,2025-02-08,25,34,15
48,2025-02-09,20,29,10
48,2025-02-10,21,31,12
48,2025-02-11,19,29,9
48,2025-02-12,20,30,10
48,2025-02-13,0,10,-9
48,2025-02-14,16,26,7
48,2025-02-15,24,34,15
48,2025-02-16,20,30,10
48,2025-02-17,19,30,9
48,2025-02-18,19,30,9
48,2025-02-19,21,31,11
48,2025-02-20,20,31,10
48,2025-02-21,17,27,7
48,2025-02-22,25,35,15
48,2025-02-23,20,30,10
48,2025-02-24,20,30,9
48,2025-02-25,19,29,9
48,2025-02-26,21,31,10
48,2025-02-27,21,31,10
48,2025-02-28,17,27,6
49,2025-02-01,20,30,10
49,2025-02-02,18,28,8
49,2025-02-03,0,9,-10
49,2025-02-04,15,25,5
49,2025-02-05,17,27,7
49,2025-02-06,0,9,-9
49,2025-02-07,-1,8,-11
49,2025-02-08,20,30,10
49,2025-02-09,18,28,8
49,2025-02-10,15,25,5
49,2025-02-11,0,10,-9
49,2025-02-12,2,12,-7
49,2025-02-13,15,25,5
49,2025-02-14,13,24,3
49,2025-02-15,20,30,10
49,2025-02-16,18,28,8
49,2025-02-17,0,9,-10
49,2025-02-18,15,25,5
49,2025-02-19,17,27,7
49,2025-02-20,15,25,5
49,2025-02-21,-1,8,-11
49,2025-02-22,20,30,9
49,2025-02-23,18,28,7
49,2025-02-24,14,24,4
49,2025-02-25,0,10,-10
49,2025-02-26,17,27,6
49,2025-02-27,15,25,4
49,2025-02-28,13,24,3
50,2025-02-01,43,56,30
50,2025-02-02,35,49,22
50,2025-02-03,32,46,19
50,2025-02-04,28,42,15
50,2025-02-05,26,40,13
50,2025-02-06,23,37,10
50,2025-02-07,31,44,17
50,2025-02-08,43,57,30
50,2025-02-09,36,49,22
50,2025-02-10,34,48,21
50,2025-02-11,28,42,14
50,2025-02-12,26,40,12
50,2025-02-13,24,38,10
50,2025-02-14,32,46,18
50,2025-02-15,44,58,30
50,2025-02-16,36,50,22
50,2025-02-17,33,47,19
50,2025-02-18,29,43,14
50,2025-02-19,27,41,12
50,2025-02-20,23,38,9
50,2025-02-21,32,46,17
50,2025-02-22,44,59,30
50,2025-02-23,36,51,22
50,2025-02-24,33,47,18
50,2025-02-25,29,43,14
50,2025-02-26,26,41,11
50,2025-02-27,24,39,9
50,2025-02-28,33,48,18
51,2025-02-01,31,40,21
51,2025-02-02,26,35,17
51,2025-02-03,20,29,10
51,2025-02-04,20,29,11
51,2025-02-05,21,30,11
51,2025-02-06,19,28,9
51,2025-02-07,20,29,10
51,2025-02-08,30,40,20
51,2025-02-09,27,37,17
51,2025-02-10,24,34,14
51,2025-02-11,20,30,10
51,2025-02-12,20,30,10
51,2025-02-13,19,29,9
51,2025-02-14,20,30,10
51,2025-02-15,31,41,21
51,2025-02-16,27,37,17
51,2025-02-17,20,31,10
51,2025-02-18,20,31,10
51,2025-02-19,21,31,11
51,2025-02-20,19,30,9
51,2025-02-21,21,31,10
51,2025-02-22,31,41,21
51,2025-02-23,28,38,17
51,2025-02-24,21,31,10
51,2025-02-25,21,31,10
51,2025-02-26,21,32,10
51,2025-02-27,20,30,9
51,2025-02-28,21,32,10
56,2025-02-01,31,41,20
56,2025-02-02,23,33,12
56,2025-02-03,20,30,9
56,2025-02-04,20,31,10
56,2025-02-05,23,33,12
56,2025-02-06,19,30,8
56,2025-02-07,22,32,11
56,2025-02-08,30,41,19
56,2025-02-09,22,33,11
56,2025-02-10,22,33,11
56,2025-02-11,20,31,9
56,2025-02-12,2,13,-8
56,2025-02-13,19,30,8
56,2025-02-14,22,33,11
56,2025-02-15,31,42,20
56,2025-02-16,23,34,12
56,2025-02-17,20,31,9
56,2025-02-18,21,32,9
56,2025-02-19,23,35,12
56,2025-02-20,19,31,8
56,2025-02-21,22,34,11
56,2025-02-22,31,42,19
56,2025-02-23,23,34,11
56,2025-02-24,20,32,9
56,2025-02-25,21,32,9
56,2025-02-26,24,35,12
56,2025-02-27,20,31,8
56,2025-02-28,1,13,-9
57,2025-02-01,24,33,15
57,2025-02-02,21,30,12
57,2025-02-03,17,26,8
57,2025-02-04,1,10,-7
57,2025-02-05,18,27,9
57,2025-02-06,17,27,8
57,2025-02-07,1,10,-7
57,2025-02-08,24,33,15
57,2025-02-09,21,30,12
57,2025-02-10,17,26,8
57,2025-02-11,18,27,9
57,2025-02-12,2,11,-6
57,2025-02-13,1,10,-7
57,2025-02-14,18,27,9
57,2025-02-15,24,33,15
57,2025-02-16,22,31,12
57,2025-02-17,17,27,8
57,2025-02-18,1,11,-7
57,2025-02-19,19,28,10
57,2025-02-20,18,27,8
57,2025-02-21,1,10,-7
57,2025-02-22,24,34,15
57,2025-02-23,22,31,12
57,2025-02-24,17,26,8
57,2025-02-25,2,11,-7
57,2025-02-26,19,28,10
57,2025-02-27,18,27,8
57,2025-02-28,18,27,9
58,2025-02-01,30,41,19
58,2025-02-02,27,39,16
58,2025-02-03,26,37,14
58,2025-02-04,4,15,-6
58,2025-02-05,24,35,13
58,2025-02-06,27,38,15
58,2025-02-07,5,17,-5
58,2025-02-08,27,39,16
58,2025-02-09,28,40,17
58,2025-02-10,25,37,14
58,2025-02-11,26,37,14
58,2025-02-12,5,16,-6
58,2025-02-13,26,37,14
58,2025-02-14,27,39,15
58,2025-02-15,31,42,19
58,2025-02-16,28,40,16
58,2025-02-17,5,17,-6
58,2025-02-18,26,38,14
58,2025-02-19,25,37,13
58,2025-02-20,6,18,-5
58,2025-02-21,27,39,15
58,2025-02-22,28,40,16
58,2025-02-23,29,41,17
58,2025-02-24,6,18,-5
58,2025-02-25,5,17,-6
58,2025-02-26,26,39,14
58,2025-02-27,26,39,14
58,2025-02-28,7,19,-5
59,2025-02-01,34,44,23
59,2025-02-02,29,40,19
59,2025-02-03,25,36,15
59,2025-02-04,25,36,15
59,2025-02-05,23,33,12
59,2025-02-06,24,35,14
59,2025-02-07,26,36,15
59,2025-02-08,34,45,23
59,2025-02-09,29,40,19
59,2025-02-10,27,38,16
59,2025-02-11,25,36,14
59,2025-02-12,23,34,12
59,2025-02-13,25,35,14
59,2025-02-14,25,36,14
59,2025-02-15,34,45,23
59,2025-02-16,30,41,19
59,2025-02-17,26,37,15
59,2025-02-18,26,37,15
59,2025-02-19,23,34,12
59,2025-02-20,25,36,14
59,2025-02-21,26,37,15
59,2025-02-22,35,46,24
59,2025-02-23,30,42,19
59,2025-02-24,26,37,15
59,2025-02-25,26,37,15
59,2025-02-26,24,35,12
59,2025-02-27,26,37,14
59,2025-02-28,26,37,15
60,2025-02-01,0,8,-8
60,2025-02-02,0,8,-7
60,2025-02-03,-1,7,-9
60,2025-02-04,0,8,-8
60,2025-02-05,0,8,-7
60,2025-02-06,0,7,-9
60,2025-02-07,0,9,-7
60,2025-02-08,0,8,-8
60,2025-02-09,0,9,-8
60,2025-02-10,0,9,-8
60,2025-02-11,0,9,-8
60,2025-02-12,0,9,-8
60,2025-02-13,0,8,-9
60,2025-02-14,0,9,-8
60,2025-02-15,0,8,-9
60,2025-02-16,0,9,-8
60,2025-02-17,0,8,-10
60,2025-02-18,0,9,-8
60,2025-02-19,0,9,-8
60,2025-02-20,0,8,-9
60,2025-02-21,0,10,-8
60,2025-02-22,0,9,-9
60,2025-02-23,0,10,-9
60,2025-02-24,0,8,-10
60,2025-02-25,0,10,-9
60,2025-02-26,0,10,-9
60,2025-02-27,0,9,-10
60,2025-02-28,0,10,-9
62,2025-02-01,1,9,-6
62,2025-02-02,0,7,-8
62,2025-02-03,0,8,-7
62,2025-02-04,0,8,-7
62,2025-02-05,2,10,-5
62,2025-02-06,-1,6,-9
62,2025-02-07,-1,6,-9
62,2025-02-08,1,9,-6
62,2025-02-09,0,7,-8
62,2025-02-10,0,8,-7
62,2025-02-11,0,8,-7
62,2025-02-12,2,10,-5
62,2025-02-13,-1,6,-9
62,2025-02-14,-1,7,-9
62,2025-02-15,1,9,-6
62,2025-02-16,0,7,-8
62,2025-02-17,0,8,-7
62,2025-02-18,0,8,-7
62,2025-02-19,2,11,-5
62,2025-02-20,-1,6,-9
62,2025-02-21,-1,7,-9
62,2025-02-22,1,10,-6
62,2025-02-23,0,8,-8
62,2025-02-24,0,8,-7
62,2025-02-25,0,9,-7
62,2025-02-26,2,11,-5
62,2025-02-27,-1,7,-9
62,2025-02-28,0,7,-9
63,2025-02-01,18,25,11
63,2025-02-02,13,20,5
63,2025-02-03,12,19,4
63,2025-02-04,12,19,5
63,2025-02-05,0,7,-6
63,2025-02-06,1,9,-5
63,2025-02-07,13,20,6
63,2025-02-08,18,25,10
63,2025-02-09,13,20,5
63,2025-02-10,14,21,6
63,2025-02-11,1,8,-6
63,2025-02-12,12,19,4
63,2025-02-13,13,20,5
63,2025-02-14,2,9,-5
63,2025-02-15,18,26,10
63,2025-02-16,13,21,5
63,2025-02-17,0,8,-6
63,2025-02-18,12,20,5
63,2025-02-19,12,19,4
63,2025-02-20,13,21,5
63,2025-02-21,2,9,-5
63,2025-02-22,18,26,10
63,2025-02-23,13,21,5
63,2025-02-24,12,20,4
63,2025-02-25,1,9,-6
63,2025-02-26,0,8,-7
63,2025-02-27,13,21,5
63,2025-02-28,13,21,5
64,2025-02-01,24,33,15
64,2025-02-02,22,31,13
64,2025-02-03,20,29,11
64,2025-02-04,0,9,-8
64,2025-02-05,20,28,11
64,2025-02-06,19,28,10
64,2025-02-07,1,10,-7
64,2025-02-08,24,33,15
64,2025-02-09,22,31,13
64,2025-02-10,23,32,14
64,2025-02-11,18,27,9
64,2025-02-12,2,11,-6
64,2025-02-13,19,28,10
64,2025-02-14,19,28,10
64,2025-02-15,24,33,15
64,2025-02-16,22,31,13
64,2025-02-17,2,11,-6
64,2025-02-18,18,27,9
64,2025-02-19,20,29,11
64,2025-02-20,1,10,-7
64,2025-02-21,19,28,10
64,2025-02-22,24,33,15
64,2025-02-23,22,31,13
64,2025-02-24,2,11,-6
64,2025-02-25,0,9,-8
64,2025-02-26,20,29,11
64,2025-02-27,19,28,10
64,2025-02-28,1,10,-7
65,2025-02-01,14,22,7
65,2025-02-02,13,21,6
65,2025-02-03,12,19,4
65,2025-02-04,12,20,5
65,2025-02-05,-1,6,-8
65,2025-02-06,0,6,-8
65,2025-02-07,12,20,5
65,2025-02-08,14,22,7
65,2025-02-09,13,21,6
65,2025-02-10,15,23,7
65,2025-02-11,0,7,-7
65,2025-02-12,-1,6,-8
65,2025-02-13,12,20,4
65,2025-02-14,12,20,4
65,2025-02-15,15,22,7
65,2025-02-16,13,21,6
65,2025-02-17,0,7,-8
65,2025-02-18,12,20,5
65,2025-02-19,11,19,3
65,2025-02-20,12,20,4
65,2025-02-21,0,7,-7
65,2025-02-22,14,22,7
65,2025-02-23,13,21,5
65,2025-02-24,12,20,4
65,2025-02-25,12,20,4
65,2025-02-26,-1,6,-9
65,2025-02-27,12,20,4
65,2025-02-28,12,20,4
66,2025-02-01,18,27,10
66,2025-02-02,12,20,3
66,2025-02-03,15,24,6
66,2025-02-04,14,23,5
66,2025-02-05,12,21,4
66,2025-02-06,12,21,3
66,2025-02-07,13,22,5
66,2025-02-08,18,27,9
66,2025-02-09,12,21,3
66,2025-02-10,14,23,5
66,2025-02-11,14,23,5
66,2025-02-12,13,22,4
66,2025-02-13,12,21,3
66,2025-02-14,14,23,5
66,2025-02-15,18,27,9
66,2025-02-16,12,21,3
66,2025-02-17,15,24,6
66,2025-02-18,14,23,5
66,2025-02-19,13,22,3
66,2025-02-20,12,21,3
66,2025-02-21,13,23,4
66,2025-02-22,18,27,9
66,2025-02-23,12,21,3
66,2025-02-24,15,24,6
66,2025-02-25,14,23,5
66,2025-02-26,13,22,3
66,2025-02-27,12,21,3
66,2025-02-28,13,23,4
67,2025-02-01,16,25,8
67,2025-02-02,12,21,4
67,2025-02-03,11,20,3
67,2025-02-04,13,22,4
67,2025-02-05,13,22,5
67,2025-02-06,12,20,3
67,2025-02-07,15,23,6
67,2025-02-08,17,26,8
67,2025-02-09,13,22,4
67,2025-02-10,15,23,6
67,2025-02-11,12,21,3
67,2025-02-12,13,21,4
67,2025-02-13,12,21,3
67,2025-02-14,15,24,6
67,2025-02-15,16,25,7
67,2025-02-16,12,21,3
67,2025-02-17,11,20,2
67,2025-02-18,13,22,4
67,2025-02-19,13,22,4
67,2025-02-20,12,21,2
67,2025-02-21,15,24,6
67,2025-02-22,17,26,8
67,2025-02-23,13,22,4
67,2025-02-24,12,21,3
67,2025-02-25,12,21,3
67,2025-02-26,13,22,3
67,2025-02-27,12,21,3
67,2025-02-28,15,24,6
68,2025-02-01,14,20,8
68,2025-02-02,11,17,5
68,2025-02-03,0,7,-5
68,2025-02-04,11,18,5
68,2025-02-05,12,18,6
68,2025-02-06,0,7,-5
68,2025-02-07,12,18,6
68,2025-02-08,14,21,8
68,2025-02-09,11,17,5
68,2025-02-10,13,19,6
68,2025-02-11,1,7,-4
68,2025-02-12,2,8,-4
68,2025-02-13,11,17,5
68,2025-02-14,12,19,6
68,2025-02-15,14,21,8
68,2025-02-16,11,18,5
68,2025-02-17,1,7,-5
68,2025-02-18,12,18,5
68,2025-02-19,12,19,6
68,2025-02-20,11,17,5
68,2025-02-21,2,8,-4
68,2025-02-22,14,21,8
68,2025-02-23,11,18,5
68,2025-02-24,11,18,5
68,2025-02-25,1,8,-4
68,2025-02-26,12,19,6
68,2025-02-27,11,18,5
68,2025-02-28,12,19,6
69,2025-02-01,32,42,22
69,2025-02-02,26,36,16
69,2025-02-03,23,33,12
69,2025-02-04,20,30,10
69,2025-02-05,21,31,11
69,2025-02-06,23,33,12
69,2025-02-07,22,32,11
69,2025-02-08,32,43,22
69,2025-02-09,26,36,16
69,2025-02-10,24,34,14
69,2025-02-11,1,11,-9
69,2025-02-12,21,31,10
69,2025-02-13,22,33,12
69,2025-02-14,22,32,11
69,2025-02-15,32,43,22
69,2025-02-16,26,37,16
69,2025-02-17,23,34,12
69,2025-02-18,20,31,10
69,2025-02-19,21,32,10
69,2025-02-20,4,14,-6
69,2025-02-21,22,33,11
69,2025-02-22,33,43,22
69,2025-02-23,26,37,16
69,2025-02-24,23,34,13
69,2025-02-25,20,31,10
69,2025-02-26,21,32,10
69,2025-02-27,23,33,12
69,2025-02-28,22,33,11
70,2025-02-01,0,6,-5
70,2025-02-02,0,5,-5
70,2025-02-03,0,6,-5
70,2025-02-04,0,5,-5
70,2025-02-05,0,5,-5
70,2025-02-06,0,5,-5
70,2025-02-07,0,5,-6
70,2025-02-08,0,6,-5
70,2025-02-09,0,5,-6
70,2025-02-10,0,6,-4
70,2025-02-11,0,6,-5
70,2025-02-12,0,6,-5
70,2025-02-13,0,6,-5
70,2025-02-14,0,5,-6
70,2025-02-15,0,6,-5
70,2025-02-16,0,5,-6
70,2025-02-17,0,6,-5
70,2025-02-18,0,6,-5
70,2025-02-19,0,6,-5
70,2025-02-20,0,6,-5
70,2025-02-21,0,5,-6
70,2025-02-22,0,6,-5
70,2025-02-23,0,5,-6
70,2025-02-24,0,6,-5
70,2025-02-25,0,6,-5
70,2025-02-26,0,6,-5
70,2025-02-27,0,6,-5
70,2025-02-28,0,6,-6
71,2025-02-01,32,44,20
71,2025-02-02,23,35,10
71,2025-02-03,18,31,6
71,2025-02-04,18,30,5
71,2025-02-05,18,30,6
71,2025-02-06,17,30,5
71,2025-02-07,23,35,10
71,2025-02-08,32,44,19
71,2025-02-09,23,35,10
71,2025-02-10,24,37,11
71,2025-02-11,17,30,4
71,2025-02-12,18,31,5
71,2025-02-13,17,30,4
71,2025-02-14,22,35,9
71,2025-02-15,32,45,18
71,2025-02-16,23,36,9
71,2025-02-17,18,32,5
71,2025-02-18,18,31,4
71,2025-02-19,18,32,4
71,2025-02-20,17,31,4
71,2025-02-21,23,37,9
71,2025-02-22,32,46,18
71,2025-02-23,23,37,8
71,2025-02-24,18,33,4
71,2025-02-25,17,32,3
71,2025-02-26,18,33,3
71,2025-02-27,17,32,3
71,2025-02-28,22,37,8
72,2025-02-01,40,52,28
72,2025-02-02,30,43,18
72,2025-02-03,23,36,10
72,2025-02-04,24,37,12
72,2025-02-05,24,37,12
72,2025-02-06,23,36,11
72,2025-02-07,25,37,12
72,2025-02-08,40,52,27
72,2025-02-09,30,43,18
72,2025-02-10,30,43,17
72,2025-02-11,24,37,11
72,2025-02-12,24,37,12
72,2025-02-13,23,36,10
72,2025-02-14,25,37,12
72,2025-02-15,40,53,27
72,2025-02-16,31,43,18
72,2025-02-17,23,36,10
72,2025-02-18,24,37,11
72,2025-02-19,24,37,11
72,2025-02-20,23,36,10
72,2025-02-21,25,38,12
72,2025-02-22,40,53,27
72,2025-02-23,31,44,18
72,2025-02-24,23,36,10
72,2025-02-25,24,37,11
72,2025-02-26,24,38,11
72,2025-02-27,23,37,10
72,2025-02-28,25,38,12
73,2025-02-01,22,32,13
73,2025-02-02,20,30,10
73,2025-02-03,1,11,-8
73,2025-02-04,19,29,9
73,2025-02-05,20,30,10
73,2025-02-06,18,28,8
73,2025-02-07,0,10,-9
73,2025-02-08,22,32,12
73,2025-02-09,20,30,10
73,2025-02-10,21,31,11
73,2025-02-11,20,30,10
73,2025-02-12,1,11,-8
73,2025-02-13,18,28,8
73,2025-02-14,19,28,9
73,2025-02-15,23,32,13
73,2025-02-16,20,30,10
73,2025-02-17,2,12,-7
73,2025-02-18,20,30,10
73,2025-02-19,20,30,10
73,2025-02-20,0,10,-9
73,2025-02-21,0,10,-9
73,2025-02-22,23,33,13
73,2025-02-23,20,30,10
73,2025-02-24,20,30,10
73,2025-02-25,20,30,10
73,2025-02-26,2,12,-7
73,2025-02-27,18,28,8
73,2025-02-28,19,29,9
74,2025-02-01,25,34,16
74,2025-02-02,18,27,9
74,2025-02-03,14,23,6
74,2025-02-04,16,25,7
74,2025-02-05,15,24,6
74,2025-02-06,0,8,-9
74,2025-02-07,15,24,6
74,2025-02-08,25,34,15
74,2025-02-09,17,27,8
74,2025-02-10,16,25,7
74,2025-02-11,0,9,-9
74,2025-02-12,0,8,-9
74,2025-02-13,15,24,5
74,2025-02-14,15,24,6
74,2025-02-15,24,34,15
74,2025-02-16,17,27,8
74,2025-02-17,-1,7,-11
74,2025-02-18,15,25,6
74,2025-02-19,15,24,5
74,2025-02-20,14,24,5
74,2025-02-21,-1,8,-10
74,2025-02-22,24,34,14
74,2025-02-23,17,27,7
74,2025-02-24,-2,7,-12
74,2025-02-25,15,25,5
74,2025-02-26,15,25,5
74,2025-02-27,14,24,4
74,2025-02-28,-1,8,-11
75,2025-02-01,31,42,19
75,2025-02-02,26,37,14
75,2025-02-03,25,37,14
75,2025-02-04,23,34,11
75,2025-02-05,23,34,12
75,2025-02-06,4,15,-6
75,2025-02-07,22,34,11
75,2025-02-08,31,42,19
75,2025-02-09,25,36,14
75,2025-02-10,27,38,16
75,2025-02-11,1,12,-10
75,2025-02-12,2,13,-9
75,2025-02-13,3,14,-7
75,2025-02-14,22,34,11
75,2025-02-15,31,42,20
75,2025-02-16,26,37,14
75,2025-02-17,4,15,-7
75,2025-02-18,23,34,11
75,2025-02-19,23,35,12
75,2025-02-20,4,15,-6
75,2025-02-21,22,34,11
75,2025-02-22,31,42,19
75,2025-02-23,25,37,14
75,2025-02-24,3,14,-7
75,2025-02-25,22,34,11
75,2025-02-26,23,35,12
75,2025-02-27,25,36,14
75,2025-02-28,1,12,-10
76,2025-02-01,20,32,8
76,2025-02-02,17,29,5
76,2025-02-03,17,29,5
76,2025-02-04,14,26,2
76,2025-02-05,17,29,5
76,2025-02-06,15,27,2
76,2025-02-07,18,30,5
76,2025-02-08,19,32,7
76,2025-02-09,18,30,6
76,2025-02-10,18,31,6
76,2025-02-11,14,26,1
76,2025-02-12,16,29,4
76,2025-02-13,14,27,2
76,2025-02-14,17,30,5
76,2025-02-15,19,32,7
76,2025-02-16,18,30,5
76,2025-02-17,17,30,4
76,2025-02-18,14,26,1
76,2025-02-19,16,29,4
76,2025-02-20,14,27,2
76,2025-02-21,18,30,5
76,2025-02-22,19,32,6
76,2025-02-23,17,30,5
76,2025-02-24,17,30,4
76,2025-02-25,13,26,0
76,2025-02-26,16,29,3
76,2025-02-27,14,26,1
76,2025-02-28,17,30,4
77,2025-02-01,21,29,13
77,2025-02-02,15,23,7
77,2025-02-03,15,23,7
77,2025-02-04,1,9,-6
77,2025-02-05,15,23,7
77,2025-02-06,14,22,6
77,2025-02-07,1,10,-6
77,2025-02-08,20,28,12
77,2025-02-09,15,23,7
77,2025-02-10,16,24,8
77,2025-02-11,2,10,-6
77,2025-02-12,16,24,8
77,2025-02-13,14,23,6
77,2025-02-14,2,10,-6
77,2025-02-15,20,29,12
77,2025-02-16,15,23,6
77,2025-02-17,15,23,7
77,2025-02-18,16,24,7
77,2025-02-19,2,11,-5
77,2025-02-20,14,23,6
77,2025-02-21,16,25,7
77,2025-02-22,20,29,12
77,2025-02-23,15,24,6
77,2025-02-24,1,10,-7
77,2025-02-25,16,25,7
77,2025-02-26,17,25,8
77,2025-02-27,0,9,-7
77,2025-02-28,16,25,7
78,2025-02-01,15,23,6
78,2025-02-02,12,21,4
78,2025-02-03,11,20,2
78,2025-02-04,9,18,0
78,2025-02-05,11,20,2
78,2025-02-06,10,19,1
78,2025-02-07,13,22,4
78,2025-02-08,14,23,5
78,2025-02-09,12,21,3
78,2025-02-10,15,24,6
78,2025-02-11,9,18,0
78,2025-02-12,10,20,1
78,2025-02-13,9,18,0
78,2025-02-14,12,22,3
78,2025-02-15,14,23,5
78,2025-02-16,12,21,3
78,2025-02-17,11,20,2
78,2025-02-18,9,18,0
78,2025-02-19,11,20,1
78,2025-02-20,10,19,0
78,2025-02-21,13,22,4
78,2025-02-22,13,23,4
78,2025-02-23,12,21,2
78,2025-02-24,11,21,2
78,2025-02-25,9,19,0
78,2025-02-26,10,20,1
78,2025-02-27,9,18,0
78,2025-02-28,12,22,3
79,2025-02-01,21,32,11
79,2025-02-02,20,31,9
79,2025-02-03,2,13,-8
79,2025-02-04,19,30,8
79,2025-02-05,15,26,4
79,2025-02-06,17,28,6
79,2025-02-07,-1,10,-12
79,2025-02-08,21,32,10
79,2025-02-09,21,32,9
79,2025-02-10,22,33,10
79,2025-02-11,18,30,7
79,2025-02-12,-1,9,-13
79,2025-02-13,0,11,-11
79,2025-02-14,16,28,4
79,2025-02-15,21,33,9
79,2025-02-16,20,33,8
79,2025-02-17,20,33,8
79,2025-02-18,1,13,-11
79,2025-02-19,15,28,2
79,2025-02-20,17,30,4
79,2025-02-21,0,11,-13
79,2025-02-22,21,34,8
79,2025-02-23,21,34,7
79,2025-02-24,20,34,7
79,2025-02-25,18,32,5
79,2025-02-26,-2,11,-15
79,2025-02-27,17,31,4
79,2025-02-28,17,30,3
80,2025-02-01,18,26,10
80,2025-02-02,13,22,5
80,2025-02-03,-1,7,-9
80,2025-02-04,14,22,5
80,2025-02-05,14,23,6
80,2025-02-06,13,22,5
80,2025-02-07,0,8,-8
80,2025-02-08,18,27,10
80,2025-02-09,13,22,5
80,2025-02-10,14,23,6
80,2025-02-11,0,8,-8
80,2025-02-12,14,23,6
80,2025-02-13,13,22,5
80,2025-02-14,0,8,-8
80,2025-02-15,18,27,10
80,2025-02-16,13,22,5
80,2025-02-17,13,22,4
80,2025-02-18,0,8,-8
80,2025-02-19,0,8,-8
80,2025-02-20,13,22,5
80,2025-02-21,14,22,5
80,2025-02-22,18,27,9
80,2025-02-23,13,22,5
80,2025-02-24,-1,7,-9
80,2025-02-25,0,8,-8
80,2025-02-26,14,23,5
80,2025-02-27,13,22,4
80,2025-02-28,14,23,5
81,2025-02-01,35,46,24
81,2025-02-02,33,44,21
81,2025-02-03,29,40,17
81,2025-02-04,24,36,13
81,2025-02-05,24,36,13
81,2025-02-06,24,35,12
81,2025-02-07,31,43,20
81,2025-02-08,35,46,23
81,2025-02-09,33,45,21
81,2025-02-10,30,42,19
81,2025-02-11,24,36,12
81,2025-02-12,24,36,13
81,2025-02-13,3,15,-7
81,2025-02-14,31,43,19
81,2025-02-15,35,47,23
81,2025-02-16,33,45,21
81,2025-02-17,29,41,17
81,2025-02-18,25,37,13
81,2025-02-19,25,37,13
81,2025-02-20,24,36,12
81,2025-02-21,32,44,20
81,2025-02-22,35,48,23
81,2025-02-23,34,46,21
81,2025-02-24,29,41,17
81,2025-02-25,24,37,12
81,2025-02-26,5,17,-7
81,2025-02-27,24,36,12
81,2025-02-28,32,44,19
82,2025-02-01,35,45,25
82,2025-02-02,28,38,18
82,2025-02-03,24,34,14
82,2025-02-04,25,35,15
82,2025-02-05,3,13,-6
82,2025-02-06,1,11,-8
82,2025-02-07,27,37,17
82,2025-02-08,36,46,26
82,2025-02-09,28,38,18
82,2025-02-10,25,35,16
82,2025-02-11,3,13,-6
82,2025-02-12,26,36,16
82,2025-02-13,24,34,14
82,2025-02-14,4,14,-5
82,2025-02-15,36,46,26
82,2025-02-16,28,38,18
82,2025-02-17,24,34,14
82,2025-02-18,26,36,16
82,2025-02-19,4,14,-6
82,2025-02-20,24,34,14
82,2025-02-21,27,37,17
82,2025-02-22,36,46,26
82,2025-02-23,28,38,18
82,2025-02-24,1,11,-8
82,2025-02-25,26,36,16
82,2025-02-26,26,37,16
82,2025-02-27,1,11,-8
82,2025-02-28,28,38,18
83,2025-02-01,21,29,12
83,2025-02-02,20,28,11
83,2025-02-03,0,9,-8
83,2025-02-04,17,26,8
83,2025-02-05,18,27,10
83,2025-02-06,17,26,8
83,2025-02-07,1,10,-7
83,2025-02-08,21,30,12
83,2025-02-09,20,28,11
83,2025-02-10,19,28,10
83,2025-02-11,17,26,8
83,2025-02-12,2,11,-6
83,2025-02-13,1,9,-7
83,2025-02-14,1,10,-7
83,2025-02-15,21,30,12
83,2025-02-16,20,29,11
83,2025-02-17,16,25,8
83,2025-02-18,1,10,-7
83,2025-02-19,18,27,10
83,2025-02-20,17,26,8
83,2025-02-21,1,10,-7
83,2025-02-22,21,30,12
83,2025-02-23,20,29,11
83,2025-02-24,17,26,8
83,2025-02-25,1,10,-7
83,2025-02-26,19,28,9
83,2025-02-27,17,26,8
83,2025-02-28,18,27,8
84,2025-02-01,19,28,10
84,2025-02-02,17,26,8
84,2025-02-03,17,26,8
84,2025-02-04,1,10,-7
84,2025-02-05,17,26,8
84,2025-02-06,16,25,7
84,2025-02-07,2,11,-6
84,2025-02-08,19,28,10
84,2025-02-09,17,26,8
84,2025-02-10,19,28,10
84,2025-02-11,2,11,-6
84,2025-02-12,17,26,8
84,2025-02-13,16,25,7
84,2025-02-14,2,11,-6
84,2025-02-15,19,28,10
84,2025-02-16,17,26,8
84,2025-02-17,17,26,8
84,2025-02-18,1,11,-7
84,2025-02-19,1,10,-8
84,2025-02-20,16,25,7
84,2025-02-21,18,27,9
84,2025-02-22,19,28,10
84,2025-02-23,17,26,8
84,2025-02-24,1,10,-7
84,2025-02-25,18,27,9
84,2025-02-26,17,26,8
84,2025-02-27,16,25,7
84,2025-02-28,2,12,-6
85,2025-02-01,13,20,6
85,2025-02-02,11,18,4
85,2025-02-03,1,8,-5
85,2025-02-04,11,18,4
85,2025-02-05,11,18,4
85,2025-02-06,0,7,-6
85,2025-02-07,12,19,5
85,2025-02-08,13,20,6
85,2025-02-09,12,19,5
85,2025-02-10,14,21,7
85,2025-02-11,0,7,-6
85,2025-02-12,12,19,5
85,2025-02-13,11,19,4
85,2025-02-14,1,8,-6
85,2025-02-15,13,20,6
85,2025-02-16,12,19,5
85,2025-02-17,1,9,-5
85,2025-02-18,11,18,4
85,2025-02-19,12,20,5
85,2025-02-20,11,19,4
85,2025-02-21,1,8,-6
85,2025-02-22,13,21,6
85,2025-02-23,12,20,5
85,2025-02-24,13,20,5
85,2025-02-25,0,7,-7
85,2025-02-26,12,20,5
85,2025-02-27,12,19,4
85,2025-02-28,1,8,-6
86,2025-02-01,15,22,9
86,2025-02-02,11,17,4
86,2025-02-03,12,19,5
86,2025-02-04,2,8,-4
86,2025-02-05,12,18,5
86,2025-02-06,12,19,5
86,2025-02-07,1,8,-5
86,2025-02-08,15,22,9
86,2025-02-09,11,18,4
86,2025-02-10,14,21,7
86,2025-02-11,13,20,6
86,2025-02-12,0,7,-6
86,2025-02-13,0,7,-5
86,2025-02-14,13,19,6
86,2025-02-15,15,22,9
86,2025-02-16,11,18,4
86,2025-02-17,1,8,-5
86,2025-02-18,13,20,6
86,2025-02-19,12,19,5
86,2025-02-20,12,19,5
86,2025-02-21,1,8,-5
86,2025-02-22,16,22,9
86,2025-02-23,11,18,4
86,2025-02-24,12,19,6
86,2025-02-25,2,9,-4
86,2025-02-26,12,19,5
86,2025-02-27,12,19,5
86,2025-02-28,13,20,6
87,2025-02-01,17,24,10
87,2025-02-02,13,20,6
87,2025-02-03,11,18,5
87,2025-02-04,12,19,5
87,2025-02-05,13,20,6
87,2025-02-06,0,7,-6
87,2025-02-07,0,7,-6
87,2025-02-08,17,24,10
87,2025-02-09,13,20,6
87,2025-02-10,14,21,7
87,2025-02-11,0,6,-6
87,2025-02-12,13,20,6
87,2025-02-13,12,19,6
87,2025-02-14,0,7,-5
87,2025-02-15,18,24,11
87,2025-02-16,13,20,6
87,2025-02-17,11,18,4
87,2025-02-18,12,19,5
87,2025-02-19,1,8,-5
87,2025-02-20,13,20,6
87,2025-02-21,13,19,6
87,2025-02-22,17,24,11
87,2025-02-23,13,20,6
87,2025-02-24,0,6,-7
87,2025-02-25,12,19,5
87,2025-02-26,13,20,6
87,2025-02-27,13,20,6
87,2025-02-28,0,8,-6
88,2025-02-01,24,34,13
88,2025-02-02,18,29,8
88,2025-02-03,17,28,7
88,2025-02-04,17,27,6
88,2025-02-05,18,29,7
88,2025-02-06,-2,7,-13
88,2025-02-07,19,29,8
88,2025-02-08,24,34,13
88,2025-02-09,18,29,7
88,2025-02-10,18,29,8
88,2025-02-11,17,27,6
88,2025-02-12,18,29,7
88,2025-02-13,18,29,7
88,2025-02-14,18,29,8
88,2025-02-15,24,34,13
88,2025-02-16,18,29,7
88,2025-02-17,17,28,6
88,2025-02-18,17,27,6
88,2025-02-19,-2,8,-13
88,2025-02-20,18,29,7
88,2025-02-21,19,30,8
88,2025-02-22,24,34,13
88,2025-02-23,18,29,7
88,2025-02-24,17,28,6
88,2025-02-25,16,27,6
88,2025-02-26,18,29,7
88,2025-02-27,18,29,7
88,2025-02-28,19,29,8
89,2025-02-01,22,30,14
89,2025-02-02,20,28,11
89,2025-02-03,4,12,-3
89,2025-02-04,17,26,9
89,2025-02-05,16,24,8
89,2025-02-06,14,22,6
89,2025-02-07,3,12,-4
89,2025-02-08,23,31,15
89,2025-02-09,20,29,12
89,2025-02-10,17,25,9
89,2025-02-11,18,27,10
89,2025-02-12,3,11,-5
89,2025-02-13,2,10,-5
89,2025-02-14,16,25,8
89,2025-02-15,22,31,14
89,2025-02-16,20,29,12
89,2025-02-17,4,13,-3
89,2025-02-18,18,26,9
89,2025-02-19,16,25,8
89,2025-02-20,2,10,-6
89,2025-02-21,3,12,-4
89,2025-02-22,23,32,15
89,2025-02-23,21,29,12
89,2025-02-24,18,26,9
89,2025-02-25,19,27,10
89,2025-02-26,3,12,-5
89,2025-02-27,15,24,6
89,2025-02-28,16,25,8
90,2025-02-01,19,27,11
90,2025-02-02,15,23,7
90,2025-02-03,15,23,7
90,2025-02-04,14,21,6
90,2025-02-05,1,9,-6
90,2025-02-06,2,9,-5
90,2025-02-07,14,22,6
90,2025-02-08,20,28,12
90,2025-02-09,15,23,8
90,2025-02-10,15,23,8
90,2025-02-11,2,10,-5
90,2025-02-12,13,21,5
90,2025-02-13,14,22,6
90,2025-02-14,1,9,-5
90,2025-02-15,20,27,12
90,2025-02-16,15,23,7
90,2025-02-17,3,11,-4
90,2025-02-18,14,22,6
90,2025-02-19,13,21,5
90,2025-02-20,14,22,6
90,2025-02-21,2,10,-5
90,2025-02-22,20,28,12
90,2025-02-23,16,24,7
90,2025-02-24,15,23,7
90,2025-02-25,14,22,6
90,2025-02-26,1,9,-6
90,2025-02-27,14,22,6
90,2025-02-28,14,22,5
91,2025-02-01,19,28,9
91,2025-02-02,16,26,6
91,2025-02-03,16,26,6
91,2025-02-04,15,25,5
91,2025-02-05,14,24,4
91,2025-02-06,15,26,5
91,2025-02-07,14,24,4
91,2025-02-08,18,28,8
91,2025-02-09,15,26,5
91,2025-02-10,13,24,3
91,2025-02-11,15,25,4
91,2025-02-12,13,24,3
91,2025-02-13,15,26,4
91,2025-02-14,14,24,3
91,2025-02-15,17,28,7
91,2025-02-16,15,26,4
91,2025-02-17,15,26,4
91,2025-02-18,14,25,3
91,2025-02-19,13,24,2
91,2025-02-20,15,26,3
91,2025-02-21,13,25,2
91,2025-02-22,17,29,6
91,2025-02-23,14,26,3
91,2025-02-24,15,27,3
91,2025-02-25,14,26,2
91,2025-02-26,13,24,1
91,2025-02-27,14,26,2
91,2025-02-28,13,25,1
92,2025-02-01,10,17,2
92,2025-02-02,9,16,2
92,2025-02-03,10,17,3
92,2025-02-04,10,17,2
92,2025-02-05,-1,5,-9
92,2025-02-06,-1,6,-8
92,2025-02-07,8,16,1
92,2025-02-08,10,18,3
92,2025-02-09,9,16,1
92,2025-02-10,8,15,0
92,2025-02-11,0,6,-8
92,2025-02-12,9,17,2
92,2025-02-13,10,17,2
92,2025-02-14,-2,5,-9
92,2025-02-15,10,18,2
92,2025-02-16,9,16,1
92,2025-02-17,0,6,-8
92,2025-02-18,10,18,2
92,2025-02-19,9,17,1
92,2025-02-20,-1,6,-8
92,2025-02-21,8,16,1
92,2025-02-22,10,18,2
92,2025-02-23,8,16,1
92,2025-02-24,10,17,2
92,2025-02-25,0,7,-8
92,2025-02-26,9,17,1
92,2025-02-27,10,18,2
92,2025-02-28,8,16,0
93,2025-02-01,17,25,10
93,2025-02-02,13,21,6
93,2025-02-03,13,21,5
93,2025-02-04,12,19,4
93,2025-02-05,2,9,-5
93,2025-02-06,1,9,-5
93,2025-02-07,12,19,4
93,2025-02-08,18,25,10
93,2025-02-09,13,21,5
93,2025-02-10,15,22,7
93,2025-02-11,1,8,-6
93,2025-02-12,13,21,5
93,2025-02-13,13,20,5
93,2025-02-14,13,21,6
93,2025-02-15,18,26,10
93,2025-02-16,13,21,6
93,2025-02-17,2,9,-5
93,2025-02-18,12,20,4
93,2025-02-19,13,21,6
93,2025-02-20,13,20,5
93,2025-02-21,1,8,-6
93,2025-02-22,18,26,10
93,2025-02-23,13,21,5
93,2025-02-24,13,20,5
93,2025-02-25,1,8,-6
93,2025-02-26,13,21,5
93,2025-02-27,13,20,5
93,2025-02-28,2,9,-5
94,2025-02-01,32,42,22
94,2025-02-02,26,37,16
94,2025-02-03,23,33,12
94,2025-02-04,22,32,11
94,2025-02-05,24,34,13
94,2025-02-06,3,13,-7
94,2025-02-07,23,33,13
94,2025-02-08,32,42,21
94,2025-02-09,25,36,15
94,2025-02-10,23,33,12
94,2025-02-11,22,33,11
94,2025-02-12,2,13,-7
94,2025-02-13,3,13,-7
94,2025-02-14,24,35,13
94,2025-02-15,32,43,22
94,2025-02-16,26,37,15
94,2025-02-17,23,34,12
94,2025-02-18,1,12,-9
94,2025-02-19,24,35,13
94,2025-02-20,24,35,13
94,2025-02-21,2,13,-8
94,2025-02-22,32,43,21
94,2025-02-23,26,37,14
94,2025-02-24,23,34,11
94,2025-02-25,1,13,-9
94,2025-02-26,24,35,12
94,2025-02-27,24,35,12
94,2025-02-28,3,15,-7
95,2025-02-01,4,13,-3
95,2025-02-02,17,26,8
95,2025-02-03,1,11,-7
95,2025-02-04,14,23,5
95,2025-02-05,15,24,5
95,2025-02-06,0,8,-9
95,2025-02-07,17,26,8
95,2025-02-08,19,28,10
95,2025-02-09,17,26,8
95,2025-02-10,17,26,8
95,2025-02-11,0,9,-8
95,2025-02-12,15,24,5
95,2025-02-13,14,23,4
95,2025-02-14,3,12,-6
95,2025-02-15,19,29,10
95,2025-02-16,17,26,8
95,2025-02-17,16,25,7
95,2025-02-18,0,9,-8
95,2025-02-19,15,24,5
95,2025-02-20,14,23,4
95,2025-02-21,3,12,-5
95,2025-02-22,20,29,10
95,2025-02-23,17,26,8
95,2025-02-24,16,26,7
95,2025-02-25,0,9,-9
95,2025-02-26,0,10,-8
95,2025-02-27,14,23,4
95,2025-02-28,17,27,8
96,2025-02-01,9,15,2
96,2025-02-02,7,13,1
96,2025-02-03,0,6,-6
96,2025-02-04,8,15,2
96,2025-02-05,7,13,0
96,2025-02-06,7,14,1
96,2025-02-07,0,6,-6
96,2025-02-08,10,17,3
96,2025-02-09,6,13,0
96,2025-02-10,9,16,2
96,2025-02-11,8,15,1
96,2025-02-12,0,6,-7
96,2025-02-13,0,6,-7
96,2025-02-14,8,15,1
96,2025-02-15,9,16,2
96,2025-02-16,7,14,0
96,2025-02-17,0,6,-7
96,2025-02-18,8,15,1
96,2025-02-19,7,14,0
96,2025-02-20,0,7,-7
96,2025-02-21,8,15,0
96,2025-02-22,10,17,2
96,2025-02-23,6,14,-1
96,2025-02-24,7,15,0
96,2025-02-25,0,8,-7
96,2025-02-26,7,15,0
96,2025-02-27,7,15,0
96,2025-02-28,8,16,0
97,2025-02-01,19,27,10
97,2025-02-02,14,23,6
97,2025-02-03,0,9,-7
97,2025-02-04,13,22,4
97,2025-02-05,13,22,4
97,2025-02-06,1,10,-7
97,2025-02-07,15,24,6
97,2025-02-08,19,28,10
97,2025-02-09,15,25,6
97,2025-02-10,15,25,6
97,2025-02-11,1,10,-7
97,2025-02-12,12,21,2
97,2025-02-13,12,21,3
97,2025-02-14,3,13,-5
97,2025-02-15,18,27,8
97,2025-02-16,14,24,4
97,2025-02-17,11,21,2
97,2025-02-18,1,11,-7
97,2025-02-19,12,22,3
97,2025-02-20,11,21,1
97,2025-02-21,3,13,-6
97,2025-02-22,20,30,10
97,2025-02-23,15,25,5
97,2025-02-24,13,23,3
97,2025-02-25,1,11,-8
97,2025-02-26,0,10,-9
97,2025-02-27,12,22,2
97,2025-02-28,15,25,5
98,2025-02-01,18,26,9
98,2025-02-02,16,25,7
98,2025-02-03,0,8,-9
98,2025-02-04,0,8,-9
98,2025-02-05,15,24,6
98,2025-02-06,12,22,3
98,2025-02-07,12,21,3
98,2025-02-08,18,27,9
98,2025-02-09,16,26,7
98,2025-02-10,13,22,3
98,2025-02-11,0,8,-10
98,2025-02-12,2,11,-7
98,2025-02-13,12,21,2
98,2025-02-14,12,21,2
98,2025-02-15,18,28,8
98,2025-02-16,16,26,6
98,2025-02-17,0,9,-10
98,2025-02-18,0,9,-10
98,2025-02-19,15,25,5
98,2025-02-20,12,22,2
98,2025-02-21,12,22,2
98,2025-02-22,18,28,8
98,2025-02-23,16,26,6
98,2025-02-24,0,9,-11
98,2025-02-25,-1,9,-11
98,2025-02-26,15,25,4
98,2025-02-27,11,22,1
98,2025-02-28,11,22,1
99,2025-02-01,12,18,5
99,2025-02-02,9,16,3
99,2025-02-03,0,6,-6
99,2025-02-04,7,14,1
99,2025-02-05,9,15,2
99,2025-02-06,0,7,-5
99,2025-02-07,9,15,2
99,2025-02-08,12,18,5
99,2025-02-09,9,16,2
99,2025-02-10,7,14,0
99,2025-02-11,0,6,-6
99,2025-02-12,7,14,0
99,2025-02-13,8,15,1
99,2025-02-14,1,8,-5
99,2025-02-15,12,19,5
99,2025-02-16,9,16,2
99,2025-02-17,7,14,0
99,2025-02-18,7,14,0
99,2025-02-19,1,8,-6
99,2025-02-20,0,7,-6
99,2025-02-21,8,16,1
99,2025-02-22,12,19,4
99,2025-02-23,9,16,2
99,2025-02-24,0,6,-8
99,2025-02-25,7,14,0
99,2025-02-26,7,15,0
99,2025-02-27,8,15,0
99,2025-02-28,1,8,-6
100,2025-02-01,22,31,14
100,2025-02-02,17,26,9
100,2025-02-03,15,24,6
100,2025-02-04,0,8,-8
100,2025-02-05,16,25,7
100,2025-02-06,14,23,5
100,2025-02-07,2,11,-6
100,2025-02-08,22,32,13
100,2025-02-09,17,26,7
100,2025-02-10,15,24,5
100,2025-02-11,14,24,5
100,2025-02-12,2,11,-7
100,2025-02-13,0,10,-9
100,2025-02-14,16,26,6
100,2025-02-15,23,33,12
100,2025-02-16,17,28,7
100,2025-02-17,15,25,5
100,2025-02-18,0,10,-10
100,2025-02-19,2,12,-8
100,2025-02-20,14,25,4
100,2025-02-21,16,27,5
100,2025-02-22,23,34,12
100,2025-02-23,17,28,6
100,2025-02-24,1,12,-9
100,2025-02-25,14,26,3
100,2025-02-26,16,27,5
100,2025-02-27,0,11,-11
100,2025-02-28,16,28,4
101,2025-02-01,22,30,13
101,2025-02-02,20,28,12
101,2025-02-03,18,27,10
101,2025-02-04,5,13,-3
101,2025-02-05,18,27,10
101,2025-02-06,16,25,7
101,2025-02-07,4,13,-4
101,2025-02-08,22,31,13
101,2025-02-09,20,29,11
101,2025-02-10,21,30,11
101,2025-02-11,18,28,9
101,2025-02-12,5,15,-3
101,2025-02-13,16,26,7
101,2025-02-14,18,27,8
101,2025-02-15,22,32,12
101,2025-02-16,21,31,11
101,2025-02-17,6,16,-3
101,2025-02-18,19,29,8
101,2025-02-19,19,29,9
101,2025-02-20,17,27,6
101,2025-02-21,5,15,-5
101,2025-02-22,22,33,12
101,2025-02-23,21,32,10
101,2025-02-24,6,17,-4
101,2025-02-25,19,30,8
101,2025-02-26,19,30,8
101,2025-02-27,4,15,-7
101,2025-02-28,18,30,7
102,2025-02-01,16,23,9
102,2025-02-02,14,21,7
102,2025-02-03,13,20,7
102,2025-02-04,1,8,-5
102,2025-02-05,13,20,6
102,2025-02-06,12,20,5
102,2025-02-07,2,9,-4
102,2025-02-08,17,24,9
102,2025-02-09,14,22,7
102,2025-02-10,14,22,7
102,2025-02-11,12,19,4
102,2025-02-12,3,10,-4
102,2025-02-13,1,9,-5
102,2025-02-14,13,20,5
102,2025-02-15,17,24,9
102,2025-02-16,14,22,6
102,2025-02-17,3,11,-4
102,2025-02-18,12,20,4
102,2025-02-19,13,21,5
102,2025-02-20,12,20,4
102,2025-02-21,2,10,-5
102,2025-02-22,17,25,8
102,2025-02-23,14,23,6
102,2025-02-24,13,22,5
102,2025-02-25,1,10,-6
102,2025-02-26,13,22,5
102,2025-02-27,12,20,3
102,2025-02-28,13,21,4
103,2025-02-01,21,29,14
103,2025-02-02,18,26,11
103,2025-02-03,4,12,-2
103,2025-02-04,16,24,9
103,2025-02-05,17,25,9
103,2025-02-06,16,23,8
103,2025-02-07,6,13,-1
103,2025-02-08,22,30,14
103,2025-02-09,19,27,11
103,2025-02-10,17,25,9
103,2025-02-11,16,24,8
103,2025-02-12,5,14,-2
103,2025-02-13,15,24,7
103,2025-02-14,17,26,9
103,2025-02-15,22,31,14
103,2025-02-16,18,27,10
103,2025-02-17,4,13,-4
103,2025-02-18,16,25,7
103,2025-02-19,17,26,8
103,2025-02-20,15,24,6
103,2025-02-21,6,15,-2
103,2025-02-22,23,32,13
103,2025-02-23,19,28,9
103,2025-02-24,4,14,-4
103,2025-02-25,16,26,7
103,2025-02-26,17,26,7
103,2025-02-27,15,25,6
103,2025-02-28,6,15,-3
104,2025-02-01,19,27,10
104,2025-02-02,13,22,5
104,2025-02-03,14,22,5
104,2025-02-04,0,8,-8
104,2025-02-05,15,24,6
104,2025-02-06,13,22,4
104,2025-02-07,0,9,-8
104,2025-02-08,19,28,10
104,2025-02-09,14,23,4
104,2025-02-10,13,23,4
104,2025-02-11,0,9,-9
104,2025-02-12,1,11,-8
104,2025-02-13,13,23,3
104,2025-02-14,14,24,3
104,2025-02-15,19,29,8
104,2025-02-16,13,24,3
104,2025-02-17,0,10,-10
104,2025-02-18,13,24,2
104,2025-02-19,15,26,4
104,2025-02-20,13,24,2
104,2025-02-21,0,11,-10
104,2025-02-22,19,30,7
104,2025-02-23,13,25,2
104,2025-02-24,13,25,2
104,2025-02-25,13,25,1
104,2025-02-26,1,13,-10
104,2025-02-27,13,25,1
104,2025-02-28,13,26,1
105,2025-02-01,16,21,10
105,2025-02-02,13,19,7
105,2025-02-03,2,8,-3
105,2025-02-04,14,20,7
105,2025-02-05,12,19,6
105,2025-02-06,13,19,6
105,2025-02-07,2,9,-3
105,2025-02-08,16,22,9
105,2025-02-09,13,20,7
105,2025-02-10,13,20,7
105,2025-02-11,14,20,7
105,2025-02-12,2,8,-4
105,2025-02-13,13,20,6
105,2025-02-14,13,20,6
105,2025-02-15,16,23,9
105,2025-02-16,13,20,6
105,2025-02-17,2,9,-4
105,2025-02-18,14,21,7
105,2025-02-19,12,20,5
105,2025-02-20,2,9,-4
105,2025-02-21,13,21,6
105,2025-02-22,16,23,8
105,2025-02-23,13,21,6
105,2025-02-24,13,21,5
105,2025-02-25,3,11,-4
105,2025-02-26,2,9,-5
105,2025-02-27,13,21,5
105,2025-02-28,14,21,6
106,2025-02-01,19,25,13
106,2025-02-02,15,21,9
106,2025-02-03,4,10,-2
106,2025-02-04,15,22,9
106,2025-02-05,15,22,8
106,2025-02-06,3,10,-3
106,2025-02-07,15,21,8
106,2025-02-08,19,26,12
106,2025-02-09,15,22,8
106,2025-02-10,16,23,9
106,2025-02-11,4,11,-3
106,2025-02-12,15,22,8
106,2025-02-13,15,22,7
106,2025-02-14,3,11,-3
106,2025-02-15,19,26,11
106,2025-02-16,15,23,8
106,2025-02-17,15,23,8
106,2025-02-18,15,23,7
106,2025-02-19,4,11,-3
106,2025-02-20,15,23,7
106,2025-02-21,15,23,7
106,2025-02-22,19,27,11
106,2025-02-23,15,24,7
106,2025-02-24,4,12,-4
106,2025-02-25,15,24,7
106,2025-02-26,15,24,7
106,2025-02-27,3,12,-4
106,2025-02-28,15,24,6
107,2025-02-01,0,7,-6
107,2025-02-02,0,7,-7
107,2025-02-03,0,6,-7
107,2025-02-04,0,7,-7
107,2025-02-05,0,7,-7
107,2025-02-06,0,7,-7
107,2025-02-07,0,7,-7
107,2025-02-08,0,8,-7
107,2025-02-09,0,7,-8
107,2025-02-10,2,10,-6
107,2025-02-11,0,8,-8
107,2025-02-12,0,8,-8
107,2025-02-13,0,8,-8
107,2025-02-14,0,8,-8
107,2025-02-15,0,8,-8
107,2025-02-16,0,8,-9
107,2025-02-17,0,8,-9
107,2025-02-18,0,9,-9
107,2025-02-19,0,9,-9
107,2025-02-20,0,9,-9
107,2025-02-21,0,9,-9
107,2025-02-22,0,9,-9
107,2025-02-23,0,9,-10
107,2025-02-24,0,9,-10
107,2025-02-25,0,10,-10
107,2025-02-26,0,10,-10
107,2025-02-27,0,10,-10
107,2025-02-28,0,10,-10
108,2025-02-01,18,24,11
108,2025-02-02,13,19,6
108,2025-02-03,4,11,-1
108,2025-02-04,12,19,6
108,2025-02-05,12,19,6
108,2025-02-06,12,19,5
108,2025-02-07,2,8,-4
108,2025-02-08,18,25,11
108,2025-02-09,13,20,6
108,2025-02-10,14,21,7
108,2025-02-11,13,20,6
108,2025-02-12,12,19,5
108,2025-02-13,2,9,-4
108,2025-02-14,2,9,-4
108,2025-02-15,18,25,10
108,2025-02-16,13,20,5
108,2025-02-17,15,22,7
108,2025-02-18,2,10,-4
108,2025-02-19,2,10,-5
108,2025-02-20,12,20,4
108,2025-02-21,12,20,4
108,2025-02-22,18,26,10
108,2025-02-23,13,21,5
108,2025-02-24,5,13,-2
108,2025-02-25,13,21,5
108,2025-02-26,12,21,4
108,2025-02-27,12,21,4
108,2025-02-28,2,10,-6
109,2025-02-01,15,22,9
109,2025-02-02,11,17,4
109,2025-02-03,11,18,5
109,2025-02-04,2,9,-3
109,2025-02-05,10,17,3
109,2025-02-06,10,16,3
109,2025-02-07,2,9,-4
109,2025-02-08,15,22,8
109,2025-02-09,10,18,3
109,2025-02-10,12,19,5
109,2025-02-11,2,9,-4
109,2025-02-12,10,17,3
109,2025-02-13,10,17,2
109,2025-02-14,2,10,-4
109,2025-02-15,16,23,8
109,2025-02-16,11,18,3
109,2025-02-17,12,20,4
109,2025-02-18,2,10,-5
109,2025-02-19,10,18,2
109,2025-02-20,10,18,2
109,2025-02-21,2,10,-5
109,2025-02-22,16,25,8
109,2025-02-23,11,19,3
109,2025-02-24,12,20,4
109,2025-02-25,2,11,-5
109,2025-02-26,1,9,-7
109,2025-02-27,10,19,1
109,2025-02-28,11,20,3
110,2025-02-01,20,28,13
110,2025-02-02,15,22,7
110,2025-02-03,12,20,5
110,2025-02-04,14,22,6
110,2025-02-05,0,7,-8
110,2025-02-06,0,7,-8
110,2025-02-07,13,21,4
110,2025-02-08,20,29,12
110,2025-02-09,15,23,6
110,2025-02-10,13,22,4
110,2025-02-11,1,10,-7
110,2025-02-12,13,22,4
110,2025-02-13,12,22,3
110,2025-02-14,0,8,-9
110,2025-02-15,20,30,11
110,2025-02-16,15,25,5
110,2025-02-17,0,9,-10
110,2025-02-18,14,24,4
110,2025-02-19,13,23,3
110,2025-02-20,12,23,2
110,2025-02-21,0,9,-10
110,2025-02-22,20,31,10
110,2025-02-23,15,26,4
110,2025-02-24,-1,9,-11
110,2025-02-25,1,12,-9
110,2025-02-26,13,24,1
110,2025-02-27,12,24,1
110,2025-02-28,13,24,1
111,2025-02-01,14,21,8
111,2025-02-02,11,18,5
111,2025-02-03,10,16,3
111,2025-02-04,1,7,-5
111,2025-02-05,10,16,3
111,2025-02-06,9,15,2
111,2025-02-07,0,7,-6
111,2025-02-08,14,22,7
111,2025-02-09,12,19,5
111,2025-02-10,11,18,3
111,2025-02-11,11,18,4
111,2025-02-12,0,7,-7
111,2025-02-13,-1,6,-8
111,2025-02-14,11,18,3
111,2025-02-15,14,22,6
111,2025-02-16,11,19,3
111,2025-02-17,0,7,-8
111,2025-02-18,11,19,3
111,2025-02-19,10,18,1
111,2025-02-20,9,17,0
111,2025-02-21,0,8,-7
111,2025-02-22,14,23,6
111,2025-02-23,12,21,3
111,2025-02-24,10,19,2
111,2025-02-25,11,20,2
111,2025-02-26,0,8,-9
111,2025-02-27,9,18,0
111,2025-02-28,11,20,2
112,2025-02-01,20,26,13
112,2025-02-02,18,25,11
112,2025-02-03,16,23,9
112,2025-02-04,14,21,7
112,2025-02-05,1,8,-5
112,2025-02-06,2,9,-4
112,2025-02-07,15,22,8
112,2025-02-08,21,28,13
112,2025-02-09,18,25,10
112,2025-02-10,18,25,11
112,2025-02-11,1,9,-5
112,2025-02-12,14,22,7
112,2025-02-13,14,22,6
112,2025-02-14,2,10,-5
112,2025-02-15,20,28,12
112,2025-02-16,18,26,10
112,2025-02-17,5,13,-2
112,2025-02-18,14,22,6
112,2025-02-19,14,23,6
112,2025-02-20,14,23,6
112,2025-02-21,2,11,-6
112,2025-02-22,21,29,12
112,2025-02-23,18,27,9
112,2025-02-24,18,27,9
112,2025-02-25,1,10,-7
112,2025-02-26,14,23,5
112,2025-02-27,14,23,5
112,2025-02-28,15,24,5
113,2025-02-01,19,26,13
113,2025-02-02,16,23,10
113,2025-02-03,16,23,10
113,2025-02-04,2,9,-3
113,2025-02-05,16,23,10
113,2025-02-06,16,23,9
113,2025-02-07,0,7,-5
113,2025-02-08,20,27,13
113,2025-02-09,16,23,9
113,2025-02-10,19,26,11
113,2025-02-11,2,9,-5
113,2025-02-12,2,10,-4
113,2025-02-13,15,23,8
113,2025-02-14,14,22,7
113,2025-02-15,20,27,12
113,2025-02-16,16,24,9
113,2025-02-17,3,11,-4
113,2025-02-18,16,24,8
113,2025-02-19,17,25,8
113,2025-02-20,16,24,8
113,2025-02-21,0,8,-7
113,2025-02-22,20,28,12
113,2025-02-23,16,25,8
113,2025-02-24,18,26,9
113,2025-02-25,16,24,7
113,2025-02-26,2,11,-6
113,2025-02-27,15,24,6
113,2025-02-28,14,23,5
114,2025-02-01,30,39,21
114,2025-02-02,24,33,15
114,2025-02-03,21,30,12
114,2025-02-04,2,11,-6
114,2025-02-05,4,13,-4
114,2025-02-06,18,27,8
114,2025-02-07,20,30,10
114,2025-02-08,29,39,20
114,2025-02-09,23,33,13
114,2025-02-10,22,32,12
114,2025-02-11,2,12,-8
114,2025-02-12,21,31,11
114,2025-02-13,19,29,9
114,2025-02-14,2,12,-7
114,2025-02-15,30,41,19
114,2025-02-16,24,35,13
114,2025-02-17,22,32,11
114,2025-02-18,2,13,-8
114,2025-02-19,21,32,10
114,2025-02-20,18,29,7
114,2025-02-21,3,14,-7
114,2025-02-22,30,41,19
114,2025-02-23,24,35,12
114,2025-02-24,4,16,-6
114,2025-02-25,19,31,7
114,2025-02-26,21,33,10
114,2025-02-27,2,13,-9
114,2025-02-28,20,32,8
115,2025-02-01,15,21,9
115,2025-02-02,13,19,7
115,2025-02-03,10,16,4
115,2025-02-04,0,6,-6
115,2025-02-05,12,18,5
115,2025-02-06,10,17,4
115,2025-02-07,0,7,-5
115,2025-02-08,15,22,9
115,2025-02-09,12,19,5
115,2025-02-10,9,16,2
115,2025-02-11,0,6,-6
115,2025-02-12,12,19,5
115,2025-02-13,11,18,4
115,2025-02-14,0,7,-6
115,2025-02-15,15,23,8
115,2025-02-16,12,20,5
115,2025-02-17,10,17,2
115,2025-02-18,11,18,3
115,2025-02-19,1,8,-6
115,2025-02-20,0,8,-7
115,2025-02-21,11,19,3
115,2025-02-22,15,23,7
115,2025-02-23,12,20,4
115,2025-02-24,10,18,1
115,2025-02-25,0,8,-8
115,2025-02-26,12,20,3
115,2025-02-27,11,19,2
115,2025-02-28,0,9,-8
116,2025-02-01,19,25,13
116,2025-02-02,15,21,9
116,2025-02-03,2,9,-3
116,2025-02-04,2,9,-3
116,2025-02-05,16,22,9
116,2025-02-06,14,21,7
116,2025-02-07,4,10,-2
116,2025-02-08,20,27,13
116,2025-02-09,15,23,8
116,2025-02-10,13,21,6
116,2025-02-11,13,21,6
116,2025-02-12,5,13,-2
116,2025-02-13,14,22,6
116,2025-02-14,15,23,7
116,2025-02-15,20,28,12
116,2025-02-16,16,24,7
116,2025-02-17,3,11,-5
116,2025-02-18,14,22,5
116,2025-02-19,16,25,7
116,2025-02-20,15,24,5
116,2025-02-21,4,13,-4
116,2025-02-22,21,30,11
116,2025-02-23,16,26,6
116,2025-02-24,3,13,-6
116,2025-02-25,14,24,4
116,2025-02-26,16,26,6
116,2025-02-27,4,14,-6
116,2025-02-28,15,26,5
117,2025-02-01,13,19,8
117,2025-02-02,11,17,6
117,2025-02-03,2,8,-2
117,2025-02-04,11,17,5
117,2025-02-05,9,16,3
117,2025-02-06,11,18,5
117,2025-02-07,1,8,-4
117,2025-02-08,14,21,7
117,2025-02-09,12,19,4
117,2025-02-10,12,20,4
117,2025-02-11,1,9,-6
117,2025-02-12,10,18,1
117,2025-02-13,11,20,3
117,2025-02-14,1,10,-6
117,2025-02-15,14,23,5
117,2025-02-16,12,21,2
117,2025-02-17,12,22,3
117,2025-02-18,1,11,-8
117,2025-02-19,10,20,0
117,2025-02-20,11,22,1
117,2025-02-21,2,12,-8
117,2025-02-22,14,25,3
117,2025-02-23,12,23,1
117,2025-02-24,13,24,1
117,2025-02-25,11,23,0
117,2025-02-26,0,12,-11
117,2025-02-27,12,24,0
117,2025-02-28,12,24,0
